{
  "artist": "Dee Dee Bridgewater",
  "auth": "Logged In",
  "firstName": "Lily",
  "gender": "F",
  "itemInSession": 38,
  "lastName": "Koch",
  "length": 318.64118,
  "level": "paid",
  "location": "Chicago-Naperville-Elgin, IL-IN-WI",
  "method": "PUT",
  "page": "NextSong",
  "registration": 1541048010796.0,
  "sessionId": 818,
  "song": "La Vie En Rose",
  "status": 200,
  "ts": 1542845032796,
  "userAgent": "\"Mozilla\/5.0 (X11; Linux x86_64) AppleWebKit\/537.36 (KHTML, like Gecko) Ubuntu Chromium\/36.0.1985.125 Chrome\/36.0.1985.125 Safari\/537.36\"",
  "userId": "15"
}
{
  "artist": "Tim O'brien",
  "auth": "Logged In",
  "firstName": "Lily",
  "gender": "F",
  "itemInSession": 39,
  "lastName": "Koch",
  "length": 176.14322,
  "level": "paid",
  "location": "Chicago-Naperville-Elgin, IL-IN-WI",
  "method": "PUT",
  "page": "NextSong",
  "registration": 1541048010796.0,
  "sessionId": 818,
  "song": "Think About Last Night",
  "status": 200,
  "ts": 1542845350796,
  "userAgent": "\"Mozilla\/5.0 (X11; Linux x86_64) AppleWebKit\/537.36 (KHTML, like Gecko) Ubuntu Chromium\/36.0.1985.125 Chrome\/36.0.1985.125 Safari\/537.36\"",
  "userId": "15"
}
{
  "artist": "Nirvana",
  "auth": "Logged In",
  "firstName": "Lily",
  "gender": "F",
  "itemInSession": 40,
  "lastName": "Koch",
  "length": 215.11791,
  "level": "paid",
  "location": "Chicago-Naperville-Elgin, IL-IN-WI",
  "method": "PUT",
  "page": "NextSong",
  "registration": 1541048010796.0,
  "sessionId": 818,
  "song": "Love Buzz",
  "status": 200,
  "ts": 1542845526796,
  "userAgent": "\"Mozilla\/5.0 (X11; Linux x86_64) AppleWebKit\/537.36 (KHTML, like Gecko) Ubuntu Chromium\/36.0.1985.125 Chrome\/36.0.1985.125 Safari\/537.36\"",
  "userId": "15"
}
{
  "artist": "Weezer",
  "auth": "Logged In",
  "firstName": "Lily",
  "gender": "F",
  "itemInSession": 41,
  "lastName": "Koch",
  "length": 479.32036,
  "level": "paid",
  "location": "Chicago-Naperville-Elgin, IL-IN-WI",
  "method": "PUT",
  "page": "NextSong",
  "registration": 1541048010796.0,
  "sessionId": 818,
  "song": "Only In Dreams",
  "status": 200,
  "ts": 1542845741796,
  "userAgent": "\"Mozilla\/5.0 (X11; Linux x86_64) AppleWebKit\/537.36 (KHTML, like Gecko) Ubuntu Chromium\/36.0.1985.125 Chrome\/36.0.1985.125 Safari\/537.36\"",
  "userId": "15"
}
{
  "artist": "Nightwish",
  "auth": "Logged In",
  "firstName": "Lily",
  "gender": "F",
  "itemInSession": 42,
  "lastName": "Koch",
  "length": 286.1971,
  "level": "paid",
  "location": "Chicago-Naperville-Elgin, IL-IN-WI",
  "method": "PUT",
  "page": "NextSong",
  "registration": 1541048010796.0,
  "sessionId": 818,
  "song": "She Is My Sin",
  "status": 200,
  "ts": 1542846220796,
  "userAgent": "\"Mozilla\/5.0 (X11; Linux x86_64) AppleWebKit\/537.36 (KHTML, like Gecko) Ubuntu Chromium\/36.0.1985.125 Chrome\/36.0.1985.125 Safari\/537.36\"",
  "userId": "15"
}
{
  "artist": "California Swag District",
  "auth": "Logged In",
  "firstName": "Lily",
  "gender": "F",
  "itemInSession": 43,
  "lastName": "Koch",
  "length": 239.17669,
  "level": "paid",
  "location": "Chicago-Naperville-Elgin, IL-IN-WI",
  "method": "PUT",
  "page": "NextSong",
  "registration": 1541048010796.0,
  "sessionId": 818,
  "song": "Teach Me How To Dougie",
  "status": 200,
  "ts": 1542846506796,
  "userAgent": "\"Mozilla\/5.0 (X11; Linux x86_64) AppleWebKit\/537.36 (KHTML, like Gecko) Ubuntu Chromium\/36.0.1985.125 Chrome\/36.0.1985.125 Safari\/537.36\"",
  "userId": "15"
}
{
  "artist": "Miike Snow",
  "auth": "Logged In",
  "firstName": "Lily",
  "gender": "F",
  "itemInSession": 44,
  "lastName": "Koch",
  "length": 385.35791,
  "level": "paid",
  "location": "Chicago-Naperville-Elgin, IL-IN-WI",
  "method": "PUT",
  "page": "NextSong",
  "registration": 1541048010796.0,
  "sessionId": 818,
  "song": "Silvia",
  "status": 200,
  "ts": 1542846745796,
  "userAgent": "\"Mozilla\/5.0 (X11; Linux x86_64) AppleWebKit\/537.36 (KHTML, like Gecko) Ubuntu Chromium\/36.0.1985.125 Chrome\/36.0.1985.125 Safari\/537.36\"",
  "userId": "15"
}
{
  "artist": "Katy Perry",
  "auth": "Logged In",
  "firstName": "Lily",
  "gender": "F",
  "itemInSession": 45,
  "lastName": "Koch",
  "length": 179.40853,
  "level": "paid",
  "location": "Chicago-Naperville-Elgin, IL-IN-WI",
  "method": "PUT",
  "page": "NextSong",
  "registration": 1541048010796.0,
  "sessionId": 818,
  "song": "I Kissed A Girl",
  "status": 200,
  "ts": 1542847130796,
  "userAgent": "\"Mozilla\/5.0 (X11; Linux x86_64) AppleWebKit\/537.36 (KHTML, like Gecko) Ubuntu Chromium\/36.0.1985.125 Chrome\/36.0.1985.125 Safari\/537.36\"",
  "userId": "15"
}
{
  "artist": "Sikth",
  "auth": "Logged In",
  "firstName": "Lily",
  "gender": "F",
  "itemInSession": 46,
  "lastName": "Koch",
  "length": 250.53995,
  "level": "paid",
  "location": "Chicago-Naperville-Elgin, IL-IN-WI",
  "method": "PUT",
  "page": "NextSong",
  "registration": 1541048010796.0,
  "sessionId": 818,
  "song": "Peep Show",
  "status": 200,
  "ts": 1542847309796,
  "userAgent": "\"Mozilla\/5.0 (X11; Linux x86_64) AppleWebKit\/537.36 (KHTML, like Gecko) Ubuntu Chromium\/36.0.1985.125 Chrome\/36.0.1985.125 Safari\/537.36\"",
  "userId": "15"
}
{
  "artist": "Lily Allen",
  "auth": "Logged In",
  "firstName": "Lily",
  "gender": "F",
  "itemInSession": 47,
  "lastName": "Koch",
  "length": 199.88853,
  "level": "paid",
  "location": "Chicago-Naperville-Elgin, IL-IN-WI",
  "method": "PUT",
  "page": "NextSong",
  "registration": 1541048010796.0,
  "sessionId": 818,
  "song": "Not Fair",
  "status": 200,
  "ts": 1542847559796,
  "userAgent": "\"Mozilla\/5.0 (X11; Linux x86_64) AppleWebKit\/537.36 (KHTML, like Gecko) Ubuntu Chromium\/36.0.1985.125 Chrome\/36.0.1985.125 Safari\/537.36\"",
  "userId": "15"
}
{
  "artist": "The Presidents of the United States of America",
  "auth": "Logged In",
  "firstName": "Lily",
  "gender": "F",
  "itemInSession": 48,
  "lastName": "Koch",
  "length": 495.77751,
  "level": "paid",
  "location": "Chicago-Naperville-Elgin, IL-IN-WI",
  "method": "PUT",
  "page": "NextSong",
  "registration": 1541048010796.0,
  "sessionId": 818,
  "song": "Lump",
  "status": 200,
  "ts": 1542847758796,
  "userAgent": "\"Mozilla\/5.0 (X11; Linux x86_64) AppleWebKit\/537.36 (KHTML, like Gecko) Ubuntu Chromium\/36.0.1985.125 Chrome\/36.0.1985.125 Safari\/537.36\"",
  "userId": "15"
}
{
  "artist": "Wordsworth",
  "auth": "Logged In",
  "firstName": "Lily",
  "gender": "F",
  "itemInSession": 49,
  "lastName": "Koch",
  "length": 253.1522,
  "level": "paid",
  "location": "Chicago-Naperville-Elgin, IL-IN-WI",
  "method": "PUT",
  "page": "NextSong",
  "registration": 1541048010796.0,
  "sessionId": 818,
  "song": "Right Now (Produced by Ayatollah)",
  "status": 200,
  "ts": 1542848253796,
  "userAgent": "\"Mozilla\/5.0 (X11; Linux x86_64) AppleWebKit\/537.36 (KHTML, like Gecko) Ubuntu Chromium\/36.0.1985.125 Chrome\/36.0.1985.125 Safari\/537.36\"",
  "userId": "15"
}
{
  "artist": "Rihanna",
  "auth": "Logged In",
  "firstName": "Lily",
  "gender": "F",
  "itemInSession": 50,
  "lastName": "Koch",
  "length": 229.04118,
  "level": "paid",
  "location": "Chicago-Naperville-Elgin, IL-IN-WI",
  "method": "PUT",
  "page": "NextSong",
  "registration": 1541048010796.0,
  "sessionId": 818,
  "song": "Take A Bow",
  "status": 200,
  "ts": 1542848506796,
  "userAgent": "\"Mozilla\/5.0 (X11; Linux x86_64) AppleWebKit\/537.36 (KHTML, like Gecko) Ubuntu Chromium\/36.0.1985.125 Chrome\/36.0.1985.125 Safari\/537.36\"",
  "userId": "15"
}
{
  "artist": "Tomas Bodin",
  "auth": "Logged In",
  "firstName": "Lily",
  "gender": "F",
  "itemInSession": 51,
  "lastName": "Koch",
  "length": 396.53832,
  "level": "paid",
  "location": "Chicago-Naperville-Elgin, IL-IN-WI",
  "method": "PUT",
  "page": "NextSong",
  "registration": 1541048010796.0,
  "sessionId": 818,
  "song": "Back To The African Garden",
  "status": 200,
  "ts": 1542848735796,
  "userAgent": "\"Mozilla\/5.0 (X11; Linux x86_64) AppleWebKit\/537.36 (KHTML, like Gecko) Ubuntu Chromium\/36.0.1985.125 Chrome\/36.0.1985.125 Safari\/537.36\"",
  "userId": "15"
}
{
  "artist": "Black Eyed Peas",
  "auth": "Logged In",
  "firstName": "Lily",
  "gender": "F",
  "itemInSession": 52,
  "lastName": "Koch",
  "length": 326.86975,
  "level": "paid",
  "location": "Chicago-Naperville-Elgin, IL-IN-WI",
  "method": "PUT",
  "page": "NextSong",
  "registration": 1541048010796.0,
  "sessionId": 818,
  "song": "My Humps",
  "status": 200,
  "ts": 1542849131796,
  "userAgent": "\"Mozilla\/5.0 (X11; Linux x86_64) AppleWebKit\/537.36 (KHTML, like Gecko) Ubuntu Chromium\/36.0.1985.125 Chrome\/36.0.1985.125 Safari\/537.36\"",
  "userId": "15"
}
{
  "artist": "Carolina Liar",
  "auth": "Logged In",
  "firstName": "Lily",
  "gender": "F",
  "itemInSession": 53,
  "lastName": "Koch",
  "length": 240.45669,
  "level": "paid",
  "location": "Chicago-Naperville-Elgin, IL-IN-WI",
  "method": "PUT",
  "page": "NextSong",
  "registration": 1541048010796.0,
  "sessionId": 818,
  "song": "Show Me What I'm Looking For (Album Version)",
  "status": 200,
  "ts": 1542849457796,
  "userAgent": "\"Mozilla\/5.0 (X11; Linux x86_64) AppleWebKit\/537.36 (KHTML, like Gecko) Ubuntu Chromium\/36.0.1985.125 Chrome\/36.0.1985.125 Safari\/537.36\"",
  "userId": "15"
}
{
  "artist": "Kansas",
  "auth": "Logged In",
  "firstName": "Lily",
  "gender": "F",
  "itemInSession": 54,
  "lastName": "Koch",
  "length": 202.29179,
  "level": "paid",
  "location": "Chicago-Naperville-Elgin, IL-IN-WI",
  "method": "PUT",
  "page": "NextSong",
  "registration": 1541048010796.0,
  "sessionId": 818,
  "song": "Dust in The Wind",
  "status": 200,
  "ts": 1542849697796,
  "userAgent": "\"Mozilla\/5.0 (X11; Linux x86_64) AppleWebKit\/537.36 (KHTML, like Gecko) Ubuntu Chromium\/36.0.1985.125 Chrome\/36.0.1985.125 Safari\/537.36\"",
  "userId": "15"
}
{
  "artist": "Onar",
  "auth": "Logged In",
  "firstName": "Lily",
  "gender": "F",
  "itemInSession": 55,
  "lastName": "Koch",
  "length": 306.6771,
  "level": "paid",
  "location": "Chicago-Naperville-Elgin, IL-IN-WI",
  "method": "PUT",
  "page": "NextSong",
  "registration": 1541048010796.0,
  "sessionId": 818,
  "song": "Xehasmeni Melodia",
  "status": 200,
  "ts": 1542849899796,
  "userAgent": "\"Mozilla\/5.0 (X11; Linux x86_64) AppleWebKit\/537.36 (KHTML, like Gecko) Ubuntu Chromium\/36.0.1985.125 Chrome\/36.0.1985.125 Safari\/537.36\"",
  "userId": "15"
}
{
  "artist": "Live",
  "auth": "Logged In",
  "firstName": "Lily",
  "gender": "F",
  "itemInSession": 56,
  "lastName": "Koch",
  "length": 286.98077,
  "level": "paid",
  "location": "Chicago-Naperville-Elgin, IL-IN-WI",
  "method": "PUT",
  "page": "NextSong",
  "registration": 1541048010796.0,
  "sessionId": 818,
  "song": "Lakini's Juice",
  "status": 200,
  "ts": 1542850205796,
  "userAgent": "\"Mozilla\/5.0 (X11; Linux x86_64) AppleWebKit\/537.36 (KHTML, like Gecko) Ubuntu Chromium\/36.0.1985.125 Chrome\/36.0.1985.125 Safari\/537.36\"",
  "userId": "15"
}
{
  "artist": "Abstract Rude",
  "auth": "Logged In",
  "firstName": "Lily",
  "gender": "F",
  "itemInSession": 57,
  "lastName": "Koch",
  "length": 196.85832,
  "level": "paid",
  "location": "Chicago-Naperville-Elgin, IL-IN-WI",
  "method": "PUT",
  "page": "NextSong",
  "registration": 1541048010796.0,
  "sessionId": 818,
  "song": "Nuff Fire",
  "status": 200,
  "ts": 1542850491796,
  "userAgent": "\"Mozilla\/5.0 (X11; Linux x86_64) AppleWebKit\/537.36 (KHTML, like Gecko) Ubuntu Chromium\/36.0.1985.125 Chrome\/36.0.1985.125 Safari\/537.36\"",
  "userId": "15"
}
{
  "artist": "Johnny Horton",
  "auth": "Logged In",
  "firstName": "Lily",
  "gender": "F",
  "itemInSession": 58,
  "lastName": "Koch",
  "length": 131.81342,
  "level": "paid",
  "location": "Chicago-Naperville-Elgin, IL-IN-WI",
  "method": "PUT",
  "page": "NextSong",
  "registration": 1541048010796.0,
  "sessionId": 818,
  "song": "Mean Mean Son Of A Gun",
  "status": 200,
  "ts": 1542850687796,
  "userAgent": "\"Mozilla\/5.0 (X11; Linux x86_64) AppleWebKit\/537.36 (KHTML, like Gecko) Ubuntu Chromium\/36.0.1985.125 Chrome\/36.0.1985.125 Safari\/537.36\"",
  "userId": "15"
}
{
  "artist": "The Men They Couldn't Hang",
  "auth": "Logged In",
  "firstName": "Lily",
  "gender": "F",
  "itemInSession": 59,
  "lastName": "Koch",
  "length": 251.14077,
  "level": "paid",
  "location": "Chicago-Naperville-Elgin, IL-IN-WI",
  "method": "PUT",
  "page": "NextSong",
  "registration": 1541048010796.0,
  "sessionId": 818,
  "song": "Ironmasters",
  "status": 200,
  "ts": 1542850818796,
  "userAgent": "\"Mozilla\/5.0 (X11; Linux x86_64) AppleWebKit\/537.36 (KHTML, like Gecko) Ubuntu Chromium\/36.0.1985.125 Chrome\/36.0.1985.125 Safari\/537.36\"",
  "userId": "15"
}
{
  "artist": "Rilo Kiley",
  "auth": "Logged In",
  "firstName": "Lily",
  "gender": "F",
  "itemInSession": 60,
  "lastName": "Koch",
  "length": 234.03057,
  "level": "paid",
  "location": "Chicago-Naperville-Elgin, IL-IN-WI",
  "method": "PUT",
  "page": "NextSong",
  "registration": 1541048010796.0,
  "sessionId": 818,
  "song": "The Absence Of God (Album Version)",
  "status": 200,
  "ts": 1542851069796,
  "userAgent": "\"Mozilla\/5.0 (X11; Linux x86_64) AppleWebKit\/537.36 (KHTML, like Gecko) Ubuntu Chromium\/36.0.1985.125 Chrome\/36.0.1985.125 Safari\/537.36\"",
  "userId": "15"
}
{
  "artist": "Shwayze",
  "auth": "Logged In",
  "firstName": "Lily",
  "gender": "F",
  "itemInSession": 61,
  "lastName": "Koch",
  "length": 201.63873,
  "level": "paid",
  "location": "Chicago-Naperville-Elgin, IL-IN-WI",
  "method": "PUT",
  "page": "NextSong",
  "registration": 1541048010796.0,
  "sessionId": 818,
  "song": "Lost My Mind",
  "status": 200,
  "ts": 1542851303796,
  "userAgent": "\"Mozilla\/5.0 (X11; Linux x86_64) AppleWebKit\/537.36 (KHTML, like Gecko) Ubuntu Chromium\/36.0.1985.125 Chrome\/36.0.1985.125 Safari\/537.36\"",
  "userId": "15"
}
{
  "artist": "Bram Vermeulen",
  "auth": "Logged In",
  "firstName": "Lily",
  "gender": "F",
  "itemInSession": 62,
  "lastName": "Koch",
  "length": 251.42812,
  "level": "paid",
  "location": "Chicago-Naperville-Elgin, IL-IN-WI",
  "method": "PUT",
  "page": "NextSong",
  "registration": 1541048010796.0,
  "sessionId": 818,
  "song": "Mamma",
  "status": 200,
  "ts": 1542851504796,
  "userAgent": "\"Mozilla\/5.0 (X11; Linux x86_64) AppleWebKit\/537.36 (KHTML, like Gecko) Ubuntu Chromium\/36.0.1985.125 Chrome\/36.0.1985.125 Safari\/537.36\"",
  "userId": "15"
}
{
  "artist": "Death Cab for Cutie",
  "auth": "Logged In",
  "firstName": "Lily",
  "gender": "F",
  "itemInSession": 63,
  "lastName": "Koch",
  "length": 189.3873,
  "level": "paid",
  "location": "Chicago-Naperville-Elgin, IL-IN-WI",
  "method": "PUT",
  "page": "NextSong",
  "registration": 1541048010796.0,
  "sessionId": 818,
  "song": "I Will Follow You into the Dark (Album Version)",
  "status": 200,
  "ts": 1542851755796,
  "userAgent": "\"Mozilla\/5.0 (X11; Linux x86_64) AppleWebKit\/537.36 (KHTML, like Gecko) Ubuntu Chromium\/36.0.1985.125 Chrome\/36.0.1985.125 Safari\/537.36\"",
  "userId": "15"
}
{
  "artist": "Dwight Yoakam",
  "auth": "Logged In",
  "firstName": "Lily",
  "gender": "F",
  "itemInSession": 64,
  "lastName": "Koch",
  "length": 239.3073,
  "level": "paid",
  "location": "Chicago-Naperville-Elgin, IL-IN-WI",
  "method": "PUT",
  "page": "NextSong",
  "registration": 1541048010796.0,
  "sessionId": 818,
  "song": "You're The One",
  "status": 200,
  "ts": 1542851944796,
  "userAgent": "\"Mozilla\/5.0 (X11; Linux x86_64) AppleWebKit\/537.36 (KHTML, like Gecko) Ubuntu Chromium\/36.0.1985.125 Chrome\/36.0.1985.125 Safari\/537.36\"",
  "userId": "15"
}
{
  "artist": "Jadakiss \/ Ghostface Killah \/ Raekwon",
  "auth": "Logged In",
  "firstName": "Lily",
  "gender": "F",
  "itemInSession": 65,
  "lastName": "Koch",
  "length": 173.76608,
  "level": "paid",
  "location": "Chicago-Naperville-Elgin, IL-IN-WI",
  "method": "PUT",
  "page": "NextSong",
  "registration": 1541048010796.0,
  "sessionId": 818,
  "song": "Cartel Gathering",
  "status": 200,
  "ts": 1542852183796,
  "userAgent": "\"Mozilla\/5.0 (X11; Linux x86_64) AppleWebKit\/537.36 (KHTML, like Gecko) Ubuntu Chromium\/36.0.1985.125 Chrome\/36.0.1985.125 Safari\/537.36\"",
  "userId": "15"
}
{
  "artist": "Rosana",
  "auth": "Logged In",
  "firstName": "Lily",
  "gender": "F",
  "itemInSession": 66,
  "lastName": "Koch",
  "length": 256.31302,
  "level": "paid",
  "location": "Chicago-Naperville-Elgin, IL-IN-WI",
  "method": "PUT",
  "page": "NextSong",
  "registration": 1541048010796.0,
  "sessionId": 818,
  "song": "Si tu no estas",
  "status": 200,
  "ts": 1542852356796,
  "userAgent": "\"Mozilla\/5.0 (X11; Linux x86_64) AppleWebKit\/537.36 (KHTML, like Gecko) Ubuntu Chromium\/36.0.1985.125 Chrome\/36.0.1985.125 Safari\/537.36\"",
  "userId": "15"
}
{
  "artist": null,
  "auth": "Logged In",
  "firstName": "Kaylee",
  "gender": "F",
  "itemInSession": 0,
  "lastName": "Summers",
  "length": null,
  "level": "free",
  "location": "Phoenix-Mesa-Scottsdale, AZ",
  "method": "GET",
  "page": "Home",
  "registration": 1540344794796.0,
  "sessionId": 775,
  "song": null,
  "status": 200,
  "ts": 1542852417796,
  "userAgent": "\"Mozilla\/5.0 (Windows NT 6.1; WOW64) AppleWebKit\/537.36 (KHTML, like Gecko) Chrome\/35.0.1916.153 Safari\/537.36\"",
  "userId": "8"
}
{
  "artist": null,
  "auth": "Logged In",
  "firstName": "Kaylee",
  "gender": "F",
  "itemInSession": 1,
  "lastName": "Summers",
  "length": null,
  "level": "free",
  "location": "Phoenix-Mesa-Scottsdale, AZ",
  "method": "GET",
  "page": "Upgrade",
  "registration": 1540344794796.0,
  "sessionId": 775,
  "song": null,
  "status": 200,
  "ts": 1542852451796,
  "userAgent": "\"Mozilla\/5.0 (Windows NT 6.1; WOW64) AppleWebKit\/537.36 (KHTML, like Gecko) Chrome\/35.0.1916.153 Safari\/537.36\"",
  "userId": "8"
}
{
  "artist": null,
  "auth": "Logged In",
  "firstName": "Kaylee",
  "gender": "F",
  "itemInSession": 2,
  "lastName": "Summers",
  "length": null,
  "level": "free",
  "location": "Phoenix-Mesa-Scottsdale, AZ",
  "method": "GET",
  "page": "Home",
  "registration": 1540344794796.0,
  "sessionId": 775,
  "song": null,
  "status": 200,
  "ts": 1542852453796,
  "userAgent": "\"Mozilla\/5.0 (Windows NT 6.1; WOW64) AppleWebKit\/537.36 (KHTML, like Gecko) Chrome\/35.0.1916.153 Safari\/537.36\"",
  "userId": "8"
}
{
  "artist": "The Killers",
  "auth": "Logged In",
  "firstName": "Lily",
  "gender": "F",
  "itemInSession": 67,
  "lastName": "Koch",
  "length": 230.39955,
  "level": "paid",
  "location": "Chicago-Naperville-Elgin, IL-IN-WI",
  "method": "PUT",
  "page": "NextSong",
  "registration": 1541048010796.0,
  "sessionId": 818,
  "song": "The Ballad of Michael Valentine",
  "status": 200,
  "ts": 1542852612796,
  "userAgent": "\"Mozilla\/5.0 (X11; Linux x86_64) AppleWebKit\/537.36 (KHTML, like Gecko) Ubuntu Chromium\/36.0.1985.125 Chrome\/36.0.1985.125 Safari\/537.36\"",
  "userId": "15"
}
{
  "artist": "Alliance Ethnik",
  "auth": "Logged In",
  "firstName": "Lily",
  "gender": "F",
  "itemInSession": 68,
  "lastName": "Koch",
  "length": 195.94404,
  "level": "paid",
  "location": "Chicago-Naperville-Elgin, IL-IN-WI",
  "method": "PUT",
  "page": "NextSong",
  "registration": 1541048010796.0,
  "sessionId": 818,
  "song": "Sincerit\u00c3\u0083\u00c2\u00a9 Et Jalousie",
  "status": 200,
  "ts": 1542852842796,
  "userAgent": "\"Mozilla\/5.0 (X11; Linux x86_64) AppleWebKit\/537.36 (KHTML, like Gecko) Ubuntu Chromium\/36.0.1985.125 Chrome\/36.0.1985.125 Safari\/537.36\"",
  "userId": "15"
}
{
  "artist": "Enya",
  "auth": "Logged In",
  "firstName": "Lily",
  "gender": "F",
  "itemInSession": 69,
  "lastName": "Koch",
  "length": 289.802,
  "level": "paid",
  "location": "Chicago-Naperville-Elgin, IL-IN-WI",
  "method": "PUT",
  "page": "NextSong",
  "registration": 1541048010796.0,
  "sessionId": 818,
  "song": "China Roses",
  "status": 200,
  "ts": 1542853037796,
  "userAgent": "\"Mozilla\/5.0 (X11; Linux x86_64) AppleWebKit\/537.36 (KHTML, like Gecko) Ubuntu Chromium\/36.0.1985.125 Chrome\/36.0.1985.125 Safari\/537.36\"",
  "userId": "15"
}
{
  "artist": "Aya RL",
  "auth": "Logged In",
  "firstName": "Lily",
  "gender": "F",
  "itemInSession": 70,
  "lastName": "Koch",
  "length": 225.43628,
  "level": "paid",
  "location": "Chicago-Naperville-Elgin, IL-IN-WI",
  "method": "PUT",
  "page": "NextSong",
  "registration": 1541048010796.0,
  "sessionId": 818,
  "song": "Jazz",
  "status": 200,
  "ts": 1542853326796,
  "userAgent": "\"Mozilla\/5.0 (X11; Linux x86_64) AppleWebKit\/537.36 (KHTML, like Gecko) Ubuntu Chromium\/36.0.1985.125 Chrome\/36.0.1985.125 Safari\/537.36\"",
  "userId": "15"
}
{
  "artist": null,
  "auth": "Logged In",
  "firstName": "Lily",
  "gender": "F",
  "itemInSession": 71,
  "lastName": "Koch",
  "length": null,
  "level": "paid",
  "location": "Chicago-Naperville-Elgin, IL-IN-WI",
  "method": "PUT",
  "page": "Logout",
  "registration": 1541048010796.0,
  "sessionId": 818,
  "song": null,
  "status": 307,
  "ts": 1542853327796,
  "userAgent": "\"Mozilla\/5.0 (X11; Linux x86_64) AppleWebKit\/537.36 (KHTML, like Gecko) Ubuntu Chromium\/36.0.1985.125 Chrome\/36.0.1985.125 Safari\/537.36\"",
  "userId": "15"
}
{
  "artist": null,
  "auth": "Logged Out",
  "firstName": null,
  "gender": null,
  "itemInSession": 72,
  "lastName": null,
  "length": null,
  "level": "paid",
  "location": null,
  "method": "GET",
  "page": "Home",
  "registration": null,
  "sessionId": 818,
  "song": null,
  "status": 200,
  "ts": 1542853339796,
  "userAgent": null,
  "userId": ""
}
{
  "artist": null,
  "auth": "Logged Out",
  "firstName": null,
  "gender": null,
  "itemInSession": 73,
  "lastName": null,
  "length": null,
  "level": "paid",
  "location": null,
  "method": "GET",
  "page": "About",
  "registration": null,
  "sessionId": 818,
  "song": null,
  "status": 200,
  "ts": 1542853580796,
  "userAgent": null,
  "userId": ""
}
{
  "artist": "Clor",
  "auth": "Logged In",
  "firstName": "Ryan",
  "gender": "M",
  "itemInSession": 0,
  "lastName": "Smith",
  "length": 227.68281,
  "level": "free",
  "location": "San Jose-Sunnyvale-Santa Clara, CA",
  "method": "PUT",
  "page": "NextSong",
  "registration": 1541016707796.0,
  "sessionId": 820,
  "song": "Love + Pain",
  "status": 200,
  "ts": 1542855728796,
  "userAgent": "\"Mozilla\/5.0 (X11; Linux x86_64) AppleWebKit\/537.36 (KHTML, like Gecko) Ubuntu Chromium\/36.0.1985.125 Chrome\/36.0.1985.125 Safari\/537.36\"",
  "userId": "26"
}
{
  "artist": "Alejandro Fernandez",
  "auth": "Logged In",
  "firstName": "Ryan",
  "gender": "M",
  "itemInSession": 1,
  "lastName": "Smith",
  "length": 262.84363,
  "level": "free",
  "location": "San Jose-Sunnyvale-Santa Clara, CA",
  "method": "PUT",
  "page": "NextSong",
  "registration": 1541016707796.0,
  "sessionId": 820,
  "song": "Solitario Y Solo",
  "status": 200,
  "ts": 1542855955796,
  "userAgent": "\"Mozilla\/5.0 (X11; Linux x86_64) AppleWebKit\/537.36 (KHTML, like Gecko) Ubuntu Chromium\/36.0.1985.125 Chrome\/36.0.1985.125 Safari\/537.36\"",
  "userId": "26"
}
{
  "artist": "Yonder Mountain String Band",
  "auth": "Logged In",
  "firstName": "Ryan",
  "gender": "M",
  "itemInSession": 2,
  "lastName": "Smith",
  "length": 152.18893,
  "level": "free",
  "location": "San Jose-Sunnyvale-Santa Clara, CA",
  "method": "PUT",
  "page": "NextSong",
  "registration": 1541016707796.0,
  "sessionId": 820,
  "song": "Midwest Gospel Radio",
  "status": 200,
  "ts": 1542856217796,
  "userAgent": "\"Mozilla\/5.0 (X11; Linux x86_64) AppleWebKit\/537.36 (KHTML, like Gecko) Ubuntu Chromium\/36.0.1985.125 Chrome\/36.0.1985.125 Safari\/537.36\"",
  "userId": "26"
}
{
  "artist": "K'Naan",
  "auth": "Logged In",
  "firstName": "Ava",
  "gender": "F",
  "itemInSession": 0,
  "lastName": "Robinson",
  "length": 220.49914,
  "level": "free",
  "location": "New Haven-Milford, CT",
  "method": "PUT",
  "page": "NextSong",
  "registration": 1540931983796.0,
  "sessionId": 824,
  "song": "Wavin'  Flag",
  "status": 200,
  "ts": 1542871300796,
  "userAgent": "\"Mozilla\/5.0 (Windows NT 6.3; WOW64) AppleWebKit\/537.36 (KHTML, like Gecko) Chrome\/36.0.1985.143 Safari\/537.36\"",
  "userId": "50"
}
{
  "artist": "Cradle Of Filth",
  "auth": "Logged In",
  "firstName": "Kate",
  "gender": "F",
  "itemInSession": 0,
  "lastName": "Harrell",
  "length": 453.09342,
  "level": "paid",
  "location": "Lansing-East Lansing, MI",
  "method": "PUT",
  "page": "NextSong",
  "registration": 1540472624796.0,
  "sessionId": 828,
  "song": "Her Ghost In The Fog",
  "status": 200,
  "ts": 1542883866796,
  "userAgent": "\"Mozilla\/5.0 (X11; Linux x86_64) AppleWebKit\/537.36 (KHTML, like Gecko) Chrome\/37.0.2062.94 Safari\/537.36\"",
  "userId": "97"
}
{
  "artist": "Amanda Marshall",
  "auth": "Logged In",
  "firstName": "Kate",
  "gender": "F",
  "itemInSession": 1,
  "lastName": "Harrell",
  "length": 274.28526,
  "level": "paid",
  "location": "Lansing-East Lansing, MI",
  "method": "PUT",
  "page": "NextSong",
  "registration": 1540472624796.0,
  "sessionId": 828,
  "song": "Let It Rain",
  "status": 200,
  "ts": 1542884319796,
  "userAgent": "\"Mozilla\/5.0 (X11; Linux x86_64) AppleWebKit\/537.36 (KHTML, like Gecko) Chrome\/37.0.2062.94 Safari\/537.36\"",
  "userId": "97"
}
{
  "artist": "Rammstein",
  "auth": "Logged In",
  "firstName": "Kate",
  "gender": "F",
  "itemInSession": 2,
  "lastName": "Harrell",
  "length": 272.40444,
  "level": "paid",
  "location": "Lansing-East Lansing, MI",
  "method": "PUT",
  "page": "NextSong",
  "registration": 1540472624796.0,
  "sessionId": 828,
  "song": "Sonne",
  "status": 200,
  "ts": 1542884593796,
  "userAgent": "\"Mozilla\/5.0 (X11; Linux x86_64) AppleWebKit\/537.36 (KHTML, like Gecko) Chrome\/37.0.2062.94 Safari\/537.36\"",
  "userId": "97"
}
{
  "artist": "Cat Stevens",
  "auth": "Logged In",
  "firstName": "Kate",
  "gender": "F",
  "itemInSession": 3,
  "lastName": "Harrell",
  "length": 167.6273,
  "level": "paid",
  "location": "Lansing-East Lansing, MI",
  "method": "PUT",
  "page": "NextSong",
  "registration": 1540472624796.0,
  "sessionId": 828,
  "song": "If You Want To Sing Out_ Sing Out",
  "status": 200,
  "ts": 1542884865796,
  "userAgent": "\"Mozilla\/5.0 (X11; Linux x86_64) AppleWebKit\/537.36 (KHTML, like Gecko) Chrome\/37.0.2062.94 Safari\/537.36\"",
  "userId": "97"
}
{
  "artist": "Emma Shapplin",
  "auth": "Logged In",
  "firstName": "Kate",
  "gender": "F",
  "itemInSession": 4,
  "lastName": "Harrell",
  "length": 267.62404,
  "level": "paid",
  "location": "Lansing-East Lansing, MI",
  "method": "PUT",
  "page": "NextSong",
  "registration": 1540472624796.0,
  "sessionId": 828,
  "song": "Spente Le Stelle",
  "status": 200,
  "ts": 1542885032796,
  "userAgent": "\"Mozilla\/5.0 (X11; Linux x86_64) AppleWebKit\/537.36 (KHTML, like Gecko) Chrome\/37.0.2062.94 Safari\/537.36\"",
  "userId": "97"
}
{
  "artist": "Modest Mouse",
  "auth": "Logged In",
  "firstName": "Kate",
  "gender": "F",
  "itemInSession": 5,
  "lastName": "Harrell",
  "length": 209.52771,
  "level": "paid",
  "location": "Lansing-East Lansing, MI",
  "method": "PUT",
  "page": "NextSong",
  "registration": 1540472624796.0,
  "sessionId": 828,
  "song": "Float On",
  "status": 200,
  "ts": 1542885299796,
  "userAgent": "\"Mozilla\/5.0 (X11; Linux x86_64) AppleWebKit\/537.36 (KHTML, like Gecko) Chrome\/37.0.2062.94 Safari\/537.36\"",
  "userId": "97"
}
{
  "artist": "Flaco Jimenez",
  "auth": "Logged In",
  "firstName": "Kate",
  "gender": "F",
  "itemInSession": 6,
  "lastName": "Harrell",
  "length": 155.81995,
  "level": "paid",
  "location": "Lansing-East Lansing, MI",
  "method": "PUT",
  "page": "NextSong",
  "registration": 1540472624796.0,
  "sessionId": 828,
  "song": "En El Cielo No Hay Cerveza (In Heaven There Is No Beer)",
  "status": 200,
  "ts": 1542885508796,
  "userAgent": "\"Mozilla\/5.0 (X11; Linux x86_64) AppleWebKit\/537.36 (KHTML, like Gecko) Chrome\/37.0.2062.94 Safari\/537.36\"",
  "userId": "97"
}
{
  "artist": "Modest Mouse",
  "auth": "Logged In",
  "firstName": "Kate",
  "gender": "F",
  "itemInSession": 7,
  "lastName": "Harrell",
  "length": 209.52771,
  "level": "paid",
  "location": "Lansing-East Lansing, MI",
  "method": "PUT",
  "page": "NextSong",
  "registration": 1540472624796.0,
  "sessionId": 828,
  "song": "Float On",
  "status": 200,
  "ts": 1542885663796,
  "userAgent": "\"Mozilla\/5.0 (X11; Linux x86_64) AppleWebKit\/537.36 (KHTML, like Gecko) Chrome\/37.0.2062.94 Safari\/537.36\"",
  "userId": "97"
}
{
  "artist": "Cedric Gervais feat. Second Sun",
  "auth": "Logged In",
  "firstName": "Kate",
  "gender": "F",
  "itemInSession": 8,
  "lastName": "Harrell",
  "length": 230.32118,
  "level": "paid",
  "location": "Lansing-East Lansing, MI",
  "method": "PUT",
  "page": "NextSong",
  "registration": 1540472624796.0,
  "sessionId": 828,
  "song": "Pills (Radio Edit) (Radio Edit)",
  "status": 200,
  "ts": 1542885872796,
  "userAgent": "\"Mozilla\/5.0 (X11; Linux x86_64) AppleWebKit\/537.36 (KHTML, like Gecko) Chrome\/37.0.2062.94 Safari\/537.36\"",
  "userId": "97"
}
{
  "artist": "Sheena Easton",
  "auth": "Logged In",
  "firstName": "Kate",
  "gender": "F",
  "itemInSession": 9,
  "lastName": "Harrell",
  "length": 239.62077,
  "level": "paid",
  "location": "Lansing-East Lansing, MI",
  "method": "PUT",
  "page": "NextSong",
  "registration": 1540472624796.0,
  "sessionId": 828,
  "song": "Strut (1993 Digital Remaster)",
  "status": 200,
  "ts": 1542886102796,
  "userAgent": "\"Mozilla\/5.0 (X11; Linux x86_64) AppleWebKit\/537.36 (KHTML, like Gecko) Chrome\/37.0.2062.94 Safari\/537.36\"",
  "userId": "97"
}
{
  "artist": "Everything But The Girl",
  "auth": "Logged In",
  "firstName": "Kate",
  "gender": "F",
  "itemInSession": 10,
  "lastName": "Harrell",
  "length": 218.74893,
  "level": "paid",
  "location": "Lansing-East Lansing, MI",
  "method": "PUT",
  "page": "NextSong",
  "registration": 1540472624796.0,
  "sessionId": 828,
  "song": "My Baby Don't Love Me",
  "status": 200,
  "ts": 1542886341796,
  "userAgent": "\"Mozilla\/5.0 (X11; Linux x86_64) AppleWebKit\/537.36 (KHTML, like Gecko) Chrome\/37.0.2062.94 Safari\/537.36\"",
  "userId": "97"
}
{
  "artist": "Florence + The Machine",
  "auth": "Logged In",
  "firstName": "Kate",
  "gender": "F",
  "itemInSession": 11,
  "lastName": "Harrell",
  "length": 219.66322,
  "level": "paid",
  "location": "Lansing-East Lansing, MI",
  "method": "PUT",
  "page": "NextSong",
  "registration": 1540472624796.0,
  "sessionId": 828,
  "song": "Dog Days Are Over (Radio Edit)",
  "status": 200,
  "ts": 1542886559796,
  "userAgent": "\"Mozilla\/5.0 (X11; Linux x86_64) AppleWebKit\/537.36 (KHTML, like Gecko) Chrome\/37.0.2062.94 Safari\/537.36\"",
  "userId": "97"
}
{
  "artist": "BoDeans",
  "auth": "Logged In",
  "firstName": "Kate",
  "gender": "F",
  "itemInSession": 12,
  "lastName": "Harrell",
  "length": 354.01098,
  "level": "paid",
  "location": "Lansing-East Lansing, MI",
  "method": "PUT",
  "page": "NextSong",
  "registration": 1540472624796.0,
  "sessionId": 828,
  "song": "Naked (Live)",
  "status": 200,
  "ts": 1542886778796,
  "userAgent": "\"Mozilla\/5.0 (X11; Linux x86_64) AppleWebKit\/537.36 (KHTML, like Gecko) Chrome\/37.0.2062.94 Safari\/537.36\"",
  "userId": "97"
}
{
  "artist": "OneRepublic",
  "auth": "Logged In",
  "firstName": "Kate",
  "gender": "F",
  "itemInSession": 13,
  "lastName": "Harrell",
  "length": 208.14322,
  "level": "paid",
  "location": "Lansing-East Lansing, MI",
  "method": "PUT",
  "page": "NextSong",
  "registration": 1540472624796.0,
  "sessionId": 828,
  "song": "Apologize",
  "status": 200,
  "ts": 1542887132796,
  "userAgent": "\"Mozilla\/5.0 (X11; Linux x86_64) AppleWebKit\/537.36 (KHTML, like Gecko) Chrome\/37.0.2062.94 Safari\/537.36\"",
  "userId": "97"
}
{
  "artist": "Miley Cyrus",
  "auth": "Logged In",
  "firstName": "Kate",
  "gender": "F",
  "itemInSession": 14,
  "lastName": "Harrell",
  "length": 194.45506,
  "level": "paid",
  "location": "Lansing-East Lansing, MI",
  "method": "PUT",
  "page": "NextSong",
  "registration": 1540472624796.0,
  "sessionId": 828,
  "song": "Full Circle",
  "status": 200,
  "ts": 1542887340796,
  "userAgent": "\"Mozilla\/5.0 (X11; Linux x86_64) AppleWebKit\/537.36 (KHTML, like Gecko) Chrome\/37.0.2062.94 Safari\/537.36\"",
  "userId": "97"
}
{
  "artist": "Coldplay",
  "auth": "Logged In",
  "firstName": "Kate",
  "gender": "F",
  "itemInSession": 15,
  "lastName": "Harrell",
  "length": 139.12771,
  "level": "paid",
  "location": "Lansing-East Lansing, MI",
  "method": "PUT",
  "page": "NextSong",
  "registration": 1540472624796.0,
  "sessionId": 828,
  "song": "Don't Panic",
  "status": 200,
  "ts": 1542887534796,
  "userAgent": "\"Mozilla\/5.0 (X11; Linux x86_64) AppleWebKit\/537.36 (KHTML, like Gecko) Chrome\/37.0.2062.94 Safari\/537.36\"",
  "userId": "97"
}
{
  "artist": "Atreyu",
  "auth": "Logged In",
  "firstName": "Kate",
  "gender": "F",
  "itemInSession": 16,
  "lastName": "Harrell",
  "length": 308.37506,
  "level": "paid",
  "location": "Lansing-East Lansing, MI",
  "method": "PUT",
  "page": "NextSong",
  "registration": 1540472624796.0,
  "sessionId": 828,
  "song": "You Were The King_ Now You're Unconscious (Album Version)",
  "status": 200,
  "ts": 1542887673796,
  "userAgent": "\"Mozilla\/5.0 (X11; Linux x86_64) AppleWebKit\/537.36 (KHTML, like Gecko) Chrome\/37.0.2062.94 Safari\/537.36\"",
  "userId": "97"
}
{
  "artist": "Bruce Springsteen",
  "auth": "Logged In",
  "firstName": "Kate",
  "gender": "F",
  "itemInSession": 17,
  "lastName": "Harrell",
  "length": 270.54975,
  "level": "paid",
  "location": "Lansing-East Lansing, MI",
  "method": "PUT",
  "page": "NextSong",
  "registration": 1540472624796.0,
  "sessionId": 828,
  "song": "Born To Run",
  "status": 200,
  "ts": 1542887981796,
  "userAgent": "\"Mozilla\/5.0 (X11; Linux x86_64) AppleWebKit\/537.36 (KHTML, like Gecko) Chrome\/37.0.2062.94 Safari\/537.36\"",
  "userId": "97"
}
{
  "artist": "Bj\u00c3\u0083\u00c2\u00b6rk",
  "auth": "Logged In",
  "firstName": "Kate",
  "gender": "F",
  "itemInSession": 18,
  "lastName": "Harrell",
  "length": 348.57751,
  "level": "paid",
  "location": "Lansing-East Lansing, MI",
  "method": "PUT",
  "page": "NextSong",
  "registration": 1540472624796.0,
  "sessionId": 828,
  "song": "Undo",
  "status": 200,
  "ts": 1542888251796,
  "userAgent": "\"Mozilla\/5.0 (X11; Linux x86_64) AppleWebKit\/537.36 (KHTML, like Gecko) Chrome\/37.0.2062.94 Safari\/537.36\"",
  "userId": "97"
}
{
  "artist": "Big Shug",
  "auth": "Logged In",
  "firstName": "Kate",
  "gender": "F",
  "itemInSession": 19,
  "lastName": "Harrell",
  "length": 140.56444,
  "level": "paid",
  "location": "Lansing-East Lansing, MI",
  "method": "PUT",
  "page": "NextSong",
  "registration": 1540472624796.0,
  "sessionId": 828,
  "song": "It Just Don't Stop",
  "status": 200,
  "ts": 1542888599796,
  "userAgent": "\"Mozilla\/5.0 (X11; Linux x86_64) AppleWebKit\/537.36 (KHTML, like Gecko) Chrome\/37.0.2062.94 Safari\/537.36\"",
  "userId": "97"
}
{
  "artist": "The Wallflowers",
  "auth": "Logged In",
  "firstName": "Kate",
  "gender": "F",
  "itemInSession": 20,
  "lastName": "Harrell",
  "length": 315.24526,
  "level": "paid",
  "location": "Lansing-East Lansing, MI",
  "method": "PUT",
  "page": "NextSong",
  "registration": 1540472624796.0,
  "sessionId": 828,
  "song": "Be Your Own Girl",
  "status": 200,
  "ts": 1542888739796,
  "userAgent": "\"Mozilla\/5.0 (X11; Linux x86_64) AppleWebKit\/537.36 (KHTML, like Gecko) Chrome\/37.0.2062.94 Safari\/537.36\"",
  "userId": "97"
}
{
  "artist": "Chris Brown",
  "auth": "Logged In",
  "firstName": "Kate",
  "gender": "F",
  "itemInSession": 21,
  "lastName": "Harrell",
  "length": 203.80689,
  "level": "paid",
  "location": "Lansing-East Lansing, MI",
  "method": "PUT",
  "page": "NextSong",
  "registration": 1540472624796.0,
  "sessionId": 828,
  "song": "Ain't No Way (You Won't Love Me)",
  "status": 200,
  "ts": 1542889054796,
  "userAgent": "\"Mozilla\/5.0 (X11; Linux x86_64) AppleWebKit\/537.36 (KHTML, like Gecko) Chrome\/37.0.2062.94 Safari\/537.36\"",
  "userId": "97"
}
{
  "artist": "Charly Garc\u00c3\u0083\u00c2\u00ada",
  "auth": "Logged In",
  "firstName": "Kate",
  "gender": "F",
  "itemInSession": 22,
  "lastName": "Harrell",
  "length": 231.73179,
  "level": "paid",
  "location": "Lansing-East Lansing, MI",
  "method": "PUT",
  "page": "NextSong",
  "registration": 1540472624796.0,
  "sessionId": 828,
  "song": "Filosofia Barata Y Zapatos De Goma",
  "status": 200,
  "ts": 1542889257796,
  "userAgent": "\"Mozilla\/5.0 (X11; Linux x86_64) AppleWebKit\/537.36 (KHTML, like Gecko) Chrome\/37.0.2062.94 Safari\/537.36\"",
  "userId": "97"
}
{
  "artist": "N.W.A ft. Eazy-E",
  "auth": "Logged In",
  "firstName": "Kate",
  "gender": "F",
  "itemInSession": 23,
  "lastName": "Harrell",
  "length": 338.18077,
  "level": "paid",
  "location": "Lansing-East Lansing, MI",
  "method": "PUT",
  "page": "NextSong",
  "registration": 1540472624796.0,
  "sessionId": 828,
  "song": "Boyz-N-The-Hood",
  "status": 200,
  "ts": 1542889488796,
  "userAgent": "\"Mozilla\/5.0 (X11; Linux x86_64) AppleWebKit\/537.36 (KHTML, like Gecko) Chrome\/37.0.2062.94 Safari\/537.36\"",
  "userId": "97"
}
{
  "artist": "The Mighty Mighty Bosstones",
  "auth": "Logged In",
  "firstName": "Kate",
  "gender": "F",
  "itemInSession": 24,
  "lastName": "Harrell",
  "length": 158.87628,
  "level": "paid",
  "location": "Lansing-East Lansing, MI",
  "method": "PUT",
  "page": "NextSong",
  "registration": 1540472624796.0,
  "sessionId": 828,
  "song": "1-2-8",
  "status": 200,
  "ts": 1542889826796,
  "userAgent": "\"Mozilla\/5.0 (X11; Linux x86_64) AppleWebKit\/537.36 (KHTML, like Gecko) Chrome\/37.0.2062.94 Safari\/537.36\"",
  "userId": "97"
}
{
  "artist": "Beastie Boys",
  "auth": "Logged In",
  "firstName": "Kate",
  "gender": "F",
  "itemInSession": 25,
  "lastName": "Harrell",
  "length": 211.722,
  "level": "paid",
  "location": "Lansing-East Lansing, MI",
  "method": "PUT",
  "page": "NextSong",
  "registration": 1540472624796.0,
  "sessionId": 828,
  "song": "Unite (2009 Digital Remaster)",
  "status": 200,
  "ts": 1542889984796,
  "userAgent": "\"Mozilla\/5.0 (X11; Linux x86_64) AppleWebKit\/537.36 (KHTML, like Gecko) Chrome\/37.0.2062.94 Safari\/537.36\"",
  "userId": "97"
}
{
  "artist": "Yuksek",
  "auth": "Logged In",
  "firstName": "Kate",
  "gender": "F",
  "itemInSession": 26,
  "lastName": "Harrell",
  "length": 218.95791,
  "level": "paid",
  "location": "Lansing-East Lansing, MI",
  "method": "PUT",
  "page": "NextSong",
  "registration": 1540472624796.0,
  "sessionId": 828,
  "song": "Take A Ride",
  "status": 200,
  "ts": 1542890195796,
  "userAgent": "\"Mozilla\/5.0 (X11; Linux x86_64) AppleWebKit\/537.36 (KHTML, like Gecko) Chrome\/37.0.2062.94 Safari\/537.36\"",
  "userId": "97"
}
{
  "artist": "Fernando Ubiergo",
  "auth": "Logged In",
  "firstName": "Kate",
  "gender": "F",
  "itemInSession": 27,
  "lastName": "Harrell",
  "length": 218.74893,
  "level": "paid",
  "location": "Lansing-East Lansing, MI",
  "method": "PUT",
  "page": "NextSong",
  "registration": 1540472624796.0,
  "sessionId": 828,
  "song": "Cuando Agosto Era 21",
  "status": 200,
  "ts": 1542890413796,
  "userAgent": "\"Mozilla\/5.0 (X11; Linux x86_64) AppleWebKit\/537.36 (KHTML, like Gecko) Chrome\/37.0.2062.94 Safari\/537.36\"",
  "userId": "97"
}
{
  "artist": "Phoenix",
  "auth": "Logged In",
  "firstName": "Kate",
  "gender": "F",
  "itemInSession": 28,
  "lastName": "Harrell",
  "length": 192.86159,
  "level": "paid",
  "location": "Lansing-East Lansing, MI",
  "method": "PUT",
  "page": "NextSong",
  "registration": 1540472624796.0,
  "sessionId": 828,
  "song": "Napoleon Says",
  "status": 200,
  "ts": 1542890631796,
  "userAgent": "\"Mozilla\/5.0 (X11; Linux x86_64) AppleWebKit\/537.36 (KHTML, like Gecko) Chrome\/37.0.2062.94 Safari\/537.36\"",
  "userId": "97"
}
{
  "artist": "Radney Foster",
  "auth": "Logged In",
  "firstName": "Jayden",
  "gender": "M",
  "itemInSession": 0,
  "lastName": "Fox",
  "length": 288.96608,
  "level": "free",
  "location": "New Orleans-Metairie, LA",
  "method": "PUT",
  "page": "NextSong",
  "registration": 1541033612796.0,
  "sessionId": 790,
  "song": "Sweet And Wild",
  "status": 200,
  "ts": 1542892592796,
  "userAgent": "\"Mozilla\/5.0 (Windows NT 6.3; WOW64) AppleWebKit\/537.36 (KHTML, like Gecko) Chrome\/36.0.1985.143 Safari\/537.36\"",
  "userId": "101"
}
{
  "artist": "Neneh Cherry",
  "auth": "Logged In",
  "firstName": "Jayden",
  "gender": "M",
  "itemInSession": 1,
  "lastName": "Fox",
  "length": 232.202,
  "level": "free",
  "location": "New Orleans-Metairie, LA",
  "method": "PUT",
  "page": "NextSong",
  "registration": 1541033612796.0,
  "sessionId": 790,
  "song": "Manchild",
  "status": 200,
  "ts": 1542892880796,
  "userAgent": "\"Mozilla\/5.0 (Windows NT 6.3; WOW64) AppleWebKit\/537.36 (KHTML, like Gecko) Chrome\/36.0.1985.143 Safari\/537.36\"",
  "userId": "101"
}
{
  "artist": "Hooligans",
  "auth": "Logged In",
  "firstName": "Ayla",
  "gender": "F",
  "itemInSession": 0,
  "lastName": "Johnson",
  "length": 189.98812,
  "level": "free",
  "location": "Santa Rosa, CA",
  "method": "PUT",
  "page": "NextSong",
  "registration": 1540880381796.0,
  "sessionId": 785,
  "song": "Szex & KV",
  "status": 200,
  "ts": 1542892881796,
  "userAgent": "\"Mozilla\/5.0 (Macintosh; Intel Mac OS X 10_9_4) AppleWebKit\/537.77.4 (KHTML, like Gecko) Version\/7.0.5 Safari\/537.77.4\"",
  "userId": "63"
}
{
  "artist": "Kid Cudi \/ MGMT \/ Ratatat",
  "auth": "Logged In",
  "firstName": "Lily",
  "gender": "F",
  "itemInSession": 0,
  "lastName": "Burns",
  "length": 295.67955,
  "level": "free",
  "location": "New York-Newark-Jersey City, NY-NJ-PA",
  "method": "PUT",
  "page": "NextSong",
  "registration": 1540621059796.0,
  "sessionId": 786,
  "song": "Pursuit Of Happiness (nightmare)",
  "status": 200,
  "ts": 1542895455796,
  "userAgent": "\"Mozilla\/5.0 (Windows NT 6.1; WOW64) AppleWebKit\/537.36 (KHTML, like Gecko) Chrome\/36.0.1985.125 Safari\/537.36\"",
  "userId": "32"
}
{
  "artist": "Foals",
  "auth": "Logged In",
  "firstName": "Morris",
  "gender": "M",
  "itemInSession": 0,
  "lastName": "Gilmore",
  "length": 316.89098,
  "level": "free",
  "location": "Raleigh, NC",
  "method": "PUT",
  "page": "NextSong",
  "registration": 1540971561796.0,
  "sessionId": 351,
  "song": "Blue Blood",
  "status": 200,
  "ts": 1542898727796,
  "userAgent": "\"Mozilla\/5.0 (iPhone; CPU iPhone OS 7_1_1 like Mac OS X) AppleWebKit\/537.51.2 (KHTML, like Gecko) Version\/7.0 Mobile\/11D201 Safari\/9537.53\"",
  "userId": "23"
}
{
  "artist": "'N Sync\/Phil Collins",
  "auth": "Logged In",
  "firstName": "Morris",
  "gender": "M",
  "itemInSession": 1,
  "lastName": "Gilmore",
  "length": 143.64689,
  "level": "free",
  "location": "Raleigh, NC",
  "method": "PUT",
  "page": "NextSong",
  "registration": 1540971561796.0,
  "sessionId": 351,
  "song": "Trashin' The Camp (Phil And 'N Sync Version)",
  "status": 200,
  "ts": 1542899043796,
  "userAgent": "\"Mozilla\/5.0 (iPhone; CPU iPhone OS 7_1_1 like Mac OS X) AppleWebKit\/537.51.2 (KHTML, like Gecko) Version\/7.0 Mobile\/11D201 Safari\/9537.53\"",
  "userId": "23"
}
{
  "artist": "Kristian Stanfill",
  "auth": "Logged In",
  "firstName": "Jayden",
  "gender": "M",
  "itemInSession": 0,
  "lastName": "Fox",
  "length": 287.50322,
  "level": "free",
  "location": "New Orleans-Metairie, LA",
  "method": "PUT",
  "page": "NextSong",
  "registration": 1541033612796.0,
  "sessionId": 838,
  "song": "I Need You",
  "status": 200,
  "ts": 1542899108796,
  "userAgent": "\"Mozilla\/5.0 (Windows NT 6.3; WOW64) AppleWebKit\/537.36 (KHTML, like Gecko) Chrome\/36.0.1985.143 Safari\/537.36\"",
  "userId": "101"
}
{
  "artist": "Enrique Iglesias",
  "auth": "Logged In",
  "firstName": "Jayden",
  "gender": "M",
  "itemInSession": 1,
  "lastName": "Fox",
  "length": 241.42322,
  "level": "free",
  "location": "New Orleans-Metairie, LA",
  "method": "PUT",
  "page": "NextSong",
  "registration": 1541033612796.0,
  "sessionId": 838,
  "song": "Tired Of Being Sorry",
  "status": 200,
  "ts": 1542899395796,
  "userAgent": "\"Mozilla\/5.0 (Windows NT 6.3; WOW64) AppleWebKit\/537.36 (KHTML, like Gecko) Chrome\/36.0.1985.143 Safari\/537.36\"",
  "userId": "101"
}
{
  "artist": "Michael Cretu",
  "auth": "Logged In",
  "firstName": "Jayden",
  "gender": "M",
  "itemInSession": 2,
  "lastName": "Fox",
  "length": 301.06077,
  "level": "free",
  "location": "New Orleans-Metairie, LA",
  "method": "PUT",
  "page": "NextSong",
  "registration": 1541033612796.0,
  "sessionId": 838,
  "song": "The Invisible Man",
  "status": 200,
  "ts": 1542899636796,
  "userAgent": "\"Mozilla\/5.0 (Windows NT 6.3; WOW64) AppleWebKit\/537.36 (KHTML, like Gecko) Chrome\/36.0.1985.143 Safari\/537.36\"",
  "userId": "101"
}
{
  "artist": "Tommy Emmanuel",
  "auth": "Logged In",
  "firstName": "Jayden",
  "gender": "M",
  "itemInSession": 3,
  "lastName": "Fox",
  "length": 168.14975,
  "level": "free",
  "location": "New Orleans-Metairie, LA",
  "method": "PUT",
  "page": "NextSong",
  "registration": 1541033612796.0,
  "sessionId": 838,
  "song": "Windy & Warm",
  "status": 200,
  "ts": 1542899937796,
  "userAgent": "\"Mozilla\/5.0 (Windows NT 6.3; WOW64) AppleWebKit\/537.36 (KHTML, like Gecko) Chrome\/36.0.1985.143 Safari\/537.36\"",
  "userId": "101"
}
{
  "artist": null,
  "auth": "Logged In",
  "firstName": "Jayden",
  "gender": "M",
  "itemInSession": 4,
  "lastName": "Fox",
  "length": null,
  "level": "free",
  "location": "New Orleans-Metairie, LA",
  "method": "PUT",
  "page": "Logout",
  "registration": 1541033612796.0,
  "sessionId": 838,
  "song": null,
  "status": 307,
  "ts": 1542899938796,
  "userAgent": "\"Mozilla\/5.0 (Windows NT 6.3; WOW64) AppleWebKit\/537.36 (KHTML, like Gecko) Chrome\/36.0.1985.143 Safari\/537.36\"",
  "userId": "101"
}
{
  "artist": null,
  "auth": "Logged Out",
  "firstName": null,
  "gender": null,
  "itemInSession": 5,
  "lastName": null,
  "length": null,
  "level": "free",
  "location": null,
  "method": "GET",
  "page": "Home",
  "registration": null,
  "sessionId": 838,
  "song": null,
  "status": 200,
  "ts": 1542899950796,
  "userAgent": null,
  "userId": ""
}
{
  "artist": null,
  "auth": "Logged Out",
  "firstName": null,
  "gender": null,
  "itemInSession": 6,
  "lastName": null,
  "length": null,
  "level": "free",
  "location": null,
  "method": "PUT",
  "page": "Login",
  "registration": null,
  "sessionId": 838,
  "song": null,
  "status": 307,
  "ts": 1542899951796,
  "userAgent": null,
  "userId": ""
}
{
  "artist": null,
  "auth": "Logged In",
  "firstName": "Jayden",
  "gender": "M",
  "itemInSession": 7,
  "lastName": "Fox",
  "length": null,
  "level": "free",
  "location": "New Orleans-Metairie, LA",
  "method": "GET",
  "page": "Home",
  "registration": 1541033612796.0,
  "sessionId": 838,
  "song": null,
  "status": 200,
  "ts": 1542899973796,
  "userAgent": "\"Mozilla\/5.0 (Windows NT 6.3; WOW64) AppleWebKit\/537.36 (KHTML, like Gecko) Chrome\/36.0.1985.143 Safari\/537.36\"",
  "userId": "101"
}
{
  "artist": null,
  "auth": "Logged In",
  "firstName": "Jordan",
  "gender": "F",
  "itemInSession": 0,
  "lastName": "Rodriguez",
  "length": null,
  "level": "free",
  "location": "Los Angeles-Long Beach-Anaheim, CA",
  "method": "GET",
  "page": "Home",
  "registration": 1540992715796.0,
  "sessionId": 523,
  "song": null,
  "status": 200,
  "ts": 1542902321796,
  "userAgent": "Mozilla\/5.0 (Windows NT 6.1; WOW64; rv:31.0) Gecko\/20100101 Firefox\/31.0",
  "userId": "68"
}
{
  "artist": "Cherise",
  "auth": "Logged In",
  "firstName": "Stefany",
  "gender": "F",
  "itemInSession": 0,
  "lastName": "White",
  "length": 229.69424,
  "level": "free",
  "location": "Lubbock, TX",
  "method": "PUT",
  "page": "NextSong",
  "registration": 1540708070796.0,
  "sessionId": 772,
  "song": "No Good 4 You",
  "status": 200,
  "ts": 1542907100796,
  "userAgent": "\"Mozilla\/5.0 (Macintosh; Intel Mac OS X 10_9_4) AppleWebKit\/537.36 (KHTML, like Gecko) Chrome\/36.0.1985.143 Safari\/537.36\"",
  "userId": "83"
}
{
  "artist": null,
  "auth": "Logged In",
  "firstName": "Ryan",
  "gender": "M",
  "itemInSession": 0,
  "lastName": "Smith",
  "length": null,
  "level": "free",
  "location": "San Jose-Sunnyvale-Santa Clara, CA",
  "method": "GET",
  "page": "Home",
  "registration": 1541016707796.0,
  "sessionId": 835,
  "song": null,
  "status": 200,
  "ts": 1542909562796,
  "userAgent": "\"Mozilla\/5.0 (X11; Linux x86_64) AppleWebKit\/537.36 (KHTML, like Gecko) Ubuntu Chromium\/36.0.1985.125 Chrome\/36.0.1985.125 Safari\/537.36\"",
  "userId": "26"
}
{
  "artist": "Anna Waronker",
  "auth": "Logged In",
  "firstName": "Jayden",
  "gender": "F",
  "itemInSession": 0,
  "lastName": "Duffy",
  "length": 189.6224,
  "level": "free",
  "location": "Seattle-Tacoma-Bellevue, WA",
  "method": "PUT",
  "page": "NextSong",
  "registration": 1540146037796.0,
  "sessionId": 662,
  "song": "Nothing Personal",
  "status": 200,
  "ts": 1542910267796,
  "userAgent": "\"Mozilla\/5.0 (iPhone; CPU iPhone OS 7_1_2 like Mac OS X) AppleWebKit\/537.51.2 (KHTML, like Gecko) Version\/7.0 Mobile\/11D257 Safari\/9537.53\"",
  "userId": "76"
}
{
  "artist": "King Chang\u00c3\u0083\u00c2\u00b3",
  "auth": "Logged In",
  "firstName": "Cecilia",
  "gender": "F",
  "itemInSession": 0,
  "lastName": "Owens",
  "length": 340.74077,
  "level": "free",
  "location": "Atlanta-Sandy Springs-Roswell, GA",
  "method": "PUT",
  "page": "NextSong",
  "registration": 1541032432796.0,
  "sessionId": 763,
  "song": "Confesi\u00c3\u0083\u00c2\u00b3n",
  "status": 200,
  "ts": 1542917905796,
  "userAgent": "Mozilla\/5.0 (Windows NT 6.1; WOW64; rv:32.0) Gecko\/20100101 Firefox\/32.0",
  "userId": "6"
}
{
  "artist": "Gang Of Four",
  "auth": "Logged In",
  "firstName": "Cecilia",
  "gender": "F",
  "itemInSession": 1,
  "lastName": "Owens",
  "length": 193.14893,
  "level": "free",
  "location": "Atlanta-Sandy Springs-Roswell, GA",
  "method": "PUT",
  "page": "NextSong",
  "registration": 1541032432796.0,
  "sessionId": 763,
  "song": "I Found That Essence Rare",
  "status": 200,
  "ts": 1542918245796,
  "userAgent": "Mozilla\/5.0 (Windows NT 6.1; WOW64; rv:32.0) Gecko\/20100101 Firefox\/32.0",
  "userId": "6"
}
{
  "artist": "Line Renaud",
  "auth": "Logged In",
  "firstName": "Cecilia",
  "gender": "F",
  "itemInSession": 2,
  "lastName": "Owens",
  "length": 176.16934,
  "level": "free",
  "location": "Atlanta-Sandy Springs-Roswell, GA",
  "method": "PUT",
  "page": "NextSong",
  "registration": 1541032432796.0,
  "sessionId": 763,
  "song": "Le Soir",
  "status": 200,
  "ts": 1542918438796,
  "userAgent": "Mozilla\/5.0 (Windows NT 6.1; WOW64; rv:32.0) Gecko\/20100101 Firefox\/32.0",
  "userId": "6"
}
{
  "artist": null,
  "auth": "Logged Out",
  "firstName": null,
  "gender": null,
  "itemInSession": 0,
  "lastName": null,
  "length": null,
  "level": "paid",
  "location": null,
  "method": "PUT",
  "page": "Login",
  "registration": null,
  "sessionId": 823,
  "song": null,
  "status": 307,
  "ts": 1542923831796,
  "userAgent": null,
  "userId": ""
}
{
  "artist": null,
  "auth": "Logged In",
  "firstName": "Tegan",
  "gender": "F",
  "itemInSession": 1,
  "lastName": "Levine",
  "length": null,
  "level": "paid",
  "location": "Portland-South Portland, ME",
  "method": "GET",
  "page": "Home",
  "registration": 1540794356796.0,
  "sessionId": 823,
  "song": null,
  "status": 200,
  "ts": 1542923842796,
  "userAgent": "\"Mozilla\/5.0 (Macintosh; Intel Mac OS X 10_9_4) AppleWebKit\/537.36 (KHTML, like Gecko) Chrome\/36.0.1985.143 Safari\/537.36\"",
  "userId": "80"
}
{
  "artist": "the bird and the bee",
  "auth": "Logged In",
  "firstName": "Tegan",
  "gender": "F",
  "itemInSession": 2,
  "lastName": "Levine",
  "length": 198.1122,
  "level": "paid",
  "location": "Portland-South Portland, ME",
  "method": "PUT",
  "page": "NextSong",
  "registration": 1540794356796.0,
  "sessionId": 823,
  "song": "Last Day Of Our Love",
  "status": 200,
  "ts": 1542924694796,
  "userAgent": "\"Mozilla\/5.0 (Macintosh; Intel Mac OS X 10_9_4) AppleWebKit\/537.36 (KHTML, like Gecko) Chrome\/36.0.1985.143 Safari\/537.36\"",
  "userId": "80"
}
{
  "artist": null,
  "auth": "Logged Out",
  "firstName": null,
  "gender": null,
  "itemInSession": 0,
  "lastName": null,
  "length": null,
  "level": "paid",
  "location": null,
  "method": "GET",
  "page": "Home",
  "registration": null,
  "sessionId": 831,
  "song": null,
  "status": 200,
  "ts": 1542930628796,
  "userAgent": null,
  "userId": ""
}
{
  "artist": null,
  "auth": "Logged Out",
  "firstName": null,
  "gender": null,
  "itemInSession": 1,
  "lastName": null,
  "length": null,
  "level": "paid",
  "location": null,
  "method": "GET",
  "page": "Home",
  "registration": null,
  "sessionId": 831,
  "song": null,
  "status": 200,
  "ts": 1542931106796,
  "userAgent": null,
  "userId": ""
}