{
  "artist": null,
  "auth": "Logged Out",
  "firstName": null,
  "gender": null,
  "itemInSession": 0,
  "lastName": null,
  "length": null,
  "level": "free",
  "location": null,
  "method": "PUT",
  "page": "Login",
  "registration": null,
  "sessionId": 52,
  "song": null,
  "status": 307,
  "ts": 1541207073796,
  "userAgent": null,
  "userId": ""
}
{
  "artist": null,
  "auth": "Logged In",
  "firstName": "Celeste",
  "gender": "F",
  "itemInSession": 1,
  "lastName": "Williams",
  "length": null,
  "level": "free",
  "location": "Klamath Falls, OR",
  "method": "GET",
  "page": "Home",
  "registration": 1541077528796.0,
  "sessionId": 52,
  "song": null,
  "status": 200,
  "ts": 1541207123796,
  "userAgent": "\"Mozilla\/5.0 (Windows NT 6.1; WOW64) AppleWebKit\/537.36 (KHTML, like Gecko) Chrome\/37.0.2062.103 Safari\/537.36\"",
  "userId": "53"
}
{
  "artist": "Mynt",
  "auth": "Logged In",
  "firstName": "Celeste",
  "gender": "F",
  "itemInSession": 2,
  "lastName": "Williams",
  "length": 166.94812,
  "level": "free",
  "location": "Klamath Falls, OR",
  "method": "PUT",
  "page": "NextSong",
  "registration": 1541077528796.0,
  "sessionId": 52,
  "song": "Playa Haters",
  "status": 200,
  "ts": 1541207150796,
  "userAgent": "\"Mozilla\/5.0 (Windows NT 6.1; WOW64) AppleWebKit\/537.36 (KHTML, like Gecko) Chrome\/37.0.2062.103 Safari\/537.36\"",
  "userId": "53"
}
{
  "artist": "Taylor Swift",
  "auth": "Logged In",
  "firstName": "Celeste",
  "gender": "F",
  "itemInSession": 3,
  "lastName": "Williams",
  "length": 230.47791,
  "level": "free",
  "location": "Klamath Falls, OR",
  "method": "PUT",
  "page": "NextSong",
  "registration": 1541077528796.0,
  "sessionId": 52,
  "song": "You Belong With Me",
  "status": 200,
  "ts": 1541207316796,
  "userAgent": "\"Mozilla\/5.0 (Windows NT 6.1; WOW64) AppleWebKit\/537.36 (KHTML, like Gecko) Chrome\/37.0.2062.103 Safari\/537.36\"",
  "userId": "53"
}
{
  "artist": "Amy Winehouse",
  "auth": "Logged In",
  "firstName": "Celeste",
  "gender": "F",
  "itemInSession": 4,
  "lastName": "Williams",
  "length": 229.85098,
  "level": "free",
  "location": "Klamath Falls, OR",
  "method": "PUT",
  "page": "NextSong",
  "registration": 1541077528796.0,
  "sessionId": 52,
  "song": "Valerie",
  "status": 200,
  "ts": 1541207546796,
  "userAgent": "\"Mozilla\/5.0 (Windows NT 6.1; WOW64) AppleWebKit\/537.36 (KHTML, like Gecko) Chrome\/37.0.2062.103 Safari\/537.36\"",
  "userId": "53"
}
{
  "artist": "Jimmy Eat World",
  "auth": "Logged In",
  "firstName": "Celeste",
  "gender": "F",
  "itemInSession": 5,
  "lastName": "Williams",
  "length": 285.83138,
  "level": "free",
  "location": "Klamath Falls, OR",
  "method": "PUT",
  "page": "NextSong",
  "registration": 1541077528796.0,
  "sessionId": 52,
  "song": "Dizzy",
  "status": 200,
  "ts": 1541207775796,
  "userAgent": "\"Mozilla\/5.0 (Windows NT 6.1; WOW64) AppleWebKit\/537.36 (KHTML, like Gecko) Chrome\/37.0.2062.103 Safari\/537.36\"",
  "userId": "53"
}
{
  "artist": null,
  "auth": "Logged Out",
  "firstName": null,
  "gender": null,
  "itemInSession": 0,
  "lastName": null,
  "length": null,
  "level": "free",
  "location": null,
  "method": "GET",
  "page": "Home",
  "registration": null,
  "sessionId": 18,
  "song": null,
  "status": 200,
  "ts": 1541239749796,
  "userAgent": null,
  "userId": ""
}
{
  "artist": "Maldita Nerea",
  "auth": "Logged In",
  "firstName": "Anabelle",
  "gender": "F",
  "itemInSession": 0,
  "lastName": "Simpson",
  "length": 241.162,
  "level": "free",
  "location": "Philadelphia-Camden-Wilmington, PA-NJ-DE-MD",
  "method": "PUT",
  "page": "NextSong",
  "registration": 1541044398796.0,
  "sessionId": 158,
  "song": "Supelicula",
  "status": 200,
  "ts": 1541254670796,
  "userAgent": "\"Mozilla\/5.0 (Macintosh; Intel Mac OS X 10_9_4) AppleWebKit\/537.36 (KHTML, like Gecko) Chrome\/36.0.1985.125 Safari\/537.36\"",
  "userId": "69"
}
{
  "artist": "Fluke",
  "auth": "Logged In",
  "firstName": "Connar",
  "gender": "M",
  "itemInSession": 0,
  "lastName": "Moreno",
  "length": 478.92853,
  "level": "free",
  "location": "Houston-The Woodlands-Sugar Land, TX",
  "method": "PUT",
  "page": "NextSong",
  "registration": 1540823606796.0,
  "sessionId": 168,
  "song": "Bermuda",
  "status": 200,
  "ts": 1541257880796,
  "userAgent": "\"Mozilla\/5.0 (Macintosh; Intel Mac OS X 10_10) AppleWebKit\/538.46 (KHTML, like Gecko) Version\/8.0 Safari\/538.46\"",
  "userId": "62"
}
{
  "artist": "Habib Koit\u00c3\u0083\u00c2\u00a9",
  "auth": "Logged In",
  "firstName": "Jayden",
  "gender": "M",
  "itemInSession": 0,
  "lastName": "Fox",
  "length": 285.1522,
  "level": "free",
  "location": "New Orleans-Metairie, LA",
  "method": "PUT",
  "page": "NextSong",
  "registration": 1541033612796.0,
  "sessionId": 185,
  "song": "Din Din Wo",
  "status": 200,
  "ts": 1541259368796,
  "userAgent": "\"Mozilla\/5.0 (Windows NT 6.3; WOW64) AppleWebKit\/537.36 (KHTML, like Gecko) Chrome\/36.0.1985.143 Safari\/537.36\"",
  "userId": "101"
}
{
  "artist": "The Kooks",
  "auth": "Logged In",
  "firstName": "Sara",
  "gender": "F",
  "itemInSession": 0,
  "lastName": "Johnson",
  "length": 132.25751,
  "level": "paid",
  "location": "Winston-Salem, NC",
  "method": "PUT",
  "page": "NextSong",
  "registration": 1540809153796.0,
  "sessionId": 152,
  "song": "Eddie's Gun",
  "status": 200,
  "ts": 1541260356796,
  "userAgent": "\"Mozilla\/5.0 (iPhone; CPU iPhone OS 7_1_2 like Mac OS X) AppleWebKit\/537.51.2 (KHTML, like Gecko) Version\/7.0 Mobile\/11D257 Safari\/9537.53\"",
  "userId": "95"
}
{
  "artist": "Blues Traveler",
  "auth": "Logged In",
  "firstName": "Sara",
  "gender": "F",
  "itemInSession": 1,
  "lastName": "Johnson",
  "length": 290.24608,
  "level": "paid",
  "location": "Winston-Salem, NC",
  "method": "PUT",
  "page": "NextSong",
  "registration": 1540809153796.0,
  "sessionId": 152,
  "song": "Hook",
  "status": 200,
  "ts": 1541260488796,
  "userAgent": "\"Mozilla\/5.0 (iPhone; CPU iPhone OS 7_1_2 like Mac OS X) AppleWebKit\/537.51.2 (KHTML, like Gecko) Version\/7.0 Mobile\/11D257 Safari\/9537.53\"",
  "userId": "95"
}
{
  "artist": "Coldplay",
  "auth": "Logged In",
  "firstName": "Sara",
  "gender": "F",
  "itemInSession": 2,
  "lastName": "Johnson",
  "length": 298.762,
  "level": "paid",
  "location": "Winston-Salem, NC",
  "method": "PUT",
  "page": "NextSong",
  "registration": 1540809153796.0,
  "sessionId": 152,
  "song": "Shiver",
  "status": 200,
  "ts": 1541260778796,
  "userAgent": "\"Mozilla\/5.0 (iPhone; CPU iPhone OS 7_1_2 like Mac OS X) AppleWebKit\/537.51.2 (KHTML, like Gecko) Version\/7.0 Mobile\/11D257 Safari\/9537.53\"",
  "userId": "95"
}
{
  "artist": "Tom Petty And The Heartbreakers",
  "auth": "Logged In",
  "firstName": "Sara",
  "gender": "F",
  "itemInSession": 3,
  "lastName": "Johnson",
  "length": 183.01342,
  "level": "paid",
  "location": "Winston-Salem, NC",
  "method": "PUT",
  "page": "NextSong",
  "registration": 1540809153796.0,
  "sessionId": 152,
  "song": "The Wild One_ Forever",
  "status": 200,
  "ts": 1541261076796,
  "userAgent": "\"Mozilla\/5.0 (iPhone; CPU iPhone OS 7_1_2 like Mac OS X) AppleWebKit\/537.51.2 (KHTML, like Gecko) Version\/7.0 Mobile\/11D257 Safari\/9537.53\"",
  "userId": "95"
}
{
  "artist": "Girl Talk",
  "auth": "Logged In",
  "firstName": "Sara",
  "gender": "F",
  "itemInSession": 4,
  "lastName": "Johnson",
  "length": 173.24363,
  "level": "paid",
  "location": "Winston-Salem, NC",
  "method": "PUT",
  "page": "NextSong",
  "registration": 1540809153796.0,
  "sessionId": 152,
  "song": "Give and Go",
  "status": 200,
  "ts": 1541261259796,
  "userAgent": "\"Mozilla\/5.0 (iPhone; CPU iPhone OS 7_1_2 like Mac OS X) AppleWebKit\/537.51.2 (KHTML, like Gecko) Version\/7.0 Mobile\/11D257 Safari\/9537.53\"",
  "userId": "95"
}
{
  "artist": "Florence + The Machine",
  "auth": "Logged In",
  "firstName": "Sara",
  "gender": "F",
  "itemInSession": 5,
  "lastName": "Johnson",
  "length": 258.55955,
  "level": "paid",
  "location": "Winston-Salem, NC",
  "method": "PUT",
  "page": "NextSong",
  "registration": 1540809153796.0,
  "sessionId": 152,
  "song": "Cosmic Love",
  "status": 200,
  "ts": 1541261432796,
  "userAgent": "\"Mozilla\/5.0 (iPhone; CPU iPhone OS 7_1_2 like Mac OS X) AppleWebKit\/537.51.2 (KHTML, like Gecko) Version\/7.0 Mobile\/11D257 Safari\/9537.53\"",
  "userId": "95"
}
{
  "artist": "Three Drives",
  "auth": "Logged In",
  "firstName": "Sara",
  "gender": "F",
  "itemInSession": 6,
  "lastName": "Johnson",
  "length": 411.6371,
  "level": "paid",
  "location": "Winston-Salem, NC",
  "method": "PUT",
  "page": "NextSong",
  "registration": 1540809153796.0,
  "sessionId": 152,
  "song": "Greece 2000",
  "status": 200,
  "ts": 1541261690796,
  "userAgent": "\"Mozilla\/5.0 (iPhone; CPU iPhone OS 7_1_2 like Mac OS X) AppleWebKit\/537.51.2 (KHTML, like Gecko) Version\/7.0 Mobile\/11D257 Safari\/9537.53\"",
  "userId": "95"
}
{
  "artist": "Jonas Brothers",
  "auth": "Logged In",
  "firstName": "Sara",
  "gender": "F",
  "itemInSession": 7,
  "lastName": "Johnson",
  "length": 192.36526,
  "level": "paid",
  "location": "Winston-Salem, NC",
  "method": "PUT",
  "page": "NextSong",
  "registration": 1540809153796.0,
  "sessionId": 152,
  "song": "Sorry",
  "status": 200,
  "ts": 1541262101796,
  "userAgent": "\"Mozilla\/5.0 (iPhone; CPU iPhone OS 7_1_2 like Mac OS X) AppleWebKit\/537.51.2 (KHTML, like Gecko) Version\/7.0 Mobile\/11D257 Safari\/9537.53\"",
  "userId": "95"
}
{
  "artist": "Tevin Campbell",
  "auth": "Logged In",
  "firstName": "Sara",
  "gender": "F",
  "itemInSession": 8,
  "lastName": "Johnson",
  "length": 293.04118,
  "level": "paid",
  "location": "Winston-Salem, NC",
  "method": "PUT",
  "page": "NextSong",
  "registration": 1540809153796.0,
  "sessionId": 152,
  "song": "Round And Round (Soul Mix Edit)",
  "status": 200,
  "ts": 1541262293796,
  "userAgent": "\"Mozilla\/5.0 (iPhone; CPU iPhone OS 7_1_2 like Mac OS X) AppleWebKit\/537.51.2 (KHTML, like Gecko) Version\/7.0 Mobile\/11D257 Safari\/9537.53\"",
  "userId": "95"
}
{
  "artist": "Sting",
  "auth": "Logged In",
  "firstName": "Sara",
  "gender": "F",
  "itemInSession": 9,
  "lastName": "Johnson",
  "length": 257.12281,
  "level": "paid",
  "location": "Winston-Salem, NC",
  "method": "PUT",
  "page": "NextSong",
  "registration": 1540809153796.0,
  "sessionId": 152,
  "song": "Windmills Of Your Mind",
  "status": 200,
  "ts": 1541262586796,
  "userAgent": "\"Mozilla\/5.0 (iPhone; CPU iPhone OS 7_1_2 like Mac OS X) AppleWebKit\/537.51.2 (KHTML, like Gecko) Version\/7.0 Mobile\/11D257 Safari\/9537.53\"",
  "userId": "95"
}
{
  "artist": "The Champs",
  "auth": "Logged In",
  "firstName": "Sara",
  "gender": "F",
  "itemInSession": 10,
  "lastName": "Johnson",
  "length": 132.0224,
  "level": "paid",
  "location": "Winston-Salem, NC",
  "method": "PUT",
  "page": "NextSong",
  "registration": 1540809153796.0,
  "sessionId": 152,
  "song": "Tequila",
  "status": 200,
  "ts": 1541262843796,
  "userAgent": "\"Mozilla\/5.0 (iPhone; CPU iPhone OS 7_1_2 like Mac OS X) AppleWebKit\/537.51.2 (KHTML, like Gecko) Version\/7.0 Mobile\/11D257 Safari\/9537.53\"",
  "userId": "95"
}
{
  "artist": "R\u00c3\u0083\u00c2\u00b6yksopp",
  "auth": "Logged In",
  "firstName": "Sara",
  "gender": "F",
  "itemInSession": 11,
  "lastName": "Johnson",
  "length": 214.93506,
  "level": "paid",
  "location": "Winston-Salem, NC",
  "method": "PUT",
  "page": "NextSong",
  "registration": 1540809153796.0,
  "sessionId": 152,
  "song": "Poor Leno Jakatta Radio Mix",
  "status": 200,
  "ts": 1541262975796,
  "userAgent": "\"Mozilla\/5.0 (iPhone; CPU iPhone OS 7_1_2 like Mac OS X) AppleWebKit\/537.51.2 (KHTML, like Gecko) Version\/7.0 Mobile\/11D257 Safari\/9537.53\"",
  "userId": "95"
}
{
  "artist": "Avenged Sevenfold",
  "auth": "Logged In",
  "firstName": "Sara",
  "gender": "F",
  "itemInSession": 12,
  "lastName": "Johnson",
  "length": 312.11057,
  "level": "paid",
  "location": "Winston-Salem, NC",
  "method": "PUT",
  "page": "NextSong",
  "registration": 1540809153796.0,
  "sessionId": 152,
  "song": "Bat Country (Album Version)",
  "status": 200,
  "ts": 1541263189796,
  "userAgent": "\"Mozilla\/5.0 (iPhone; CPU iPhone OS 7_1_2 like Mac OS X) AppleWebKit\/537.51.2 (KHTML, like Gecko) Version\/7.0 Mobile\/11D257 Safari\/9537.53\"",
  "userId": "95"
}
{
  "artist": null,
  "auth": "Logged In",
  "firstName": "Sylvie",
  "gender": "F",
  "itemInSession": 0,
  "lastName": "Cruz",
  "length": null,
  "level": "free",
  "location": "Washington-Arlington-Alexandria, DC-VA-MD-WV",
  "method": "GET",
  "page": "Home",
  "registration": 1540266185796.0,
  "sessionId": 210,
  "song": null,
  "status": 200,
  "ts": 1541263390796,
  "userAgent": "\"Mozilla\/5.0 (Macintosh; Intel Mac OS X 10_9_4) AppleWebKit\/537.77.4 (KHTML, like Gecko) Version\/7.0.5 Safari\/537.77.4\"",
  "userId": "10"
}
{
  "artist": "Sam Cooke",
  "auth": "Logged In",
  "firstName": "Sara",
  "gender": "F",
  "itemInSession": 13,
  "lastName": "Johnson",
  "length": 122.04363,
  "level": "paid",
  "location": "Winston-Salem, NC",
  "method": "PUT",
  "page": "NextSong",
  "registration": 1540809153796.0,
  "sessionId": 152,
  "song": "Ain't Misbehavin",
  "status": 200,
  "ts": 1541263501796,
  "userAgent": "\"Mozilla\/5.0 (iPhone; CPU iPhone OS 7_1_2 like Mac OS X) AppleWebKit\/537.51.2 (KHTML, like Gecko) Version\/7.0 Mobile\/11D257 Safari\/9537.53\"",
  "userId": "95"
}
{
  "artist": "Apulanta",
  "auth": "Logged In",
  "firstName": "Sara",
  "gender": "F",
  "itemInSession": 14,
  "lastName": "Johnson",
  "length": 219.53261,
  "level": "paid",
  "location": "Winston-Salem, NC",
  "method": "PUT",
  "page": "NextSong",
  "registration": 1540809153796.0,
  "sessionId": 152,
  "song": "Hallaa",
  "status": 200,
  "ts": 1541263623796,
  "userAgent": "\"Mozilla\/5.0 (iPhone; CPU iPhone OS 7_1_2 like Mac OS X) AppleWebKit\/537.51.2 (KHTML, like Gecko) Version\/7.0 Mobile\/11D257 Safari\/9537.53\"",
  "userId": "95"
}
{
  "artist": "Era",
  "auth": "Logged In",
  "firstName": "Sara",
  "gender": "F",
  "itemInSession": 15,
  "lastName": "Johnson",
  "length": 200.56771,
  "level": "paid",
  "location": "Winston-Salem, NC",
  "method": "PUT",
  "page": "NextSong",
  "registration": 1540809153796.0,
  "sessionId": 152,
  "song": "Cathar Rhythm",
  "status": 200,
  "ts": 1541263842796,
  "userAgent": "\"Mozilla\/5.0 (iPhone; CPU iPhone OS 7_1_2 like Mac OS X) AppleWebKit\/537.51.2 (KHTML, like Gecko) Version\/7.0 Mobile\/11D257 Safari\/9537.53\"",
  "userId": "95"
}
{
  "artist": "Klaus Badelt",
  "auth": "Logged In",
  "firstName": "Sylvie",
  "gender": "F",
  "itemInSession": 1,
  "lastName": "Cruz",
  "length": 128.62649,
  "level": "free",
  "location": "Washington-Arlington-Alexandria, DC-VA-MD-WV",
  "method": "PUT",
  "page": "NextSong",
  "registration": 1540266185796.0,
  "sessionId": 210,
  "song": "Moonlight Serenade",
  "status": 200,
  "ts": 1541264015796,
  "userAgent": "\"Mozilla\/5.0 (Macintosh; Intel Mac OS X 10_9_4) AppleWebKit\/537.77.4 (KHTML, like Gecko) Version\/7.0.5 Safari\/537.77.4\"",
  "userId": "10"
}
{
  "artist": "Parov Stelar",
  "auth": "Logged In",
  "firstName": "Sara",
  "gender": "F",
  "itemInSession": 16,
  "lastName": "Johnson",
  "length": 281.5473,
  "level": "paid",
  "location": "Winston-Salem, NC",
  "method": "PUT",
  "page": "NextSong",
  "registration": 1540809153796.0,
  "sessionId": 152,
  "song": "KissKiss",
  "status": 200,
  "ts": 1541264042796,
  "userAgent": "\"Mozilla\/5.0 (iPhone; CPU iPhone OS 7_1_2 like Mac OS X) AppleWebKit\/537.51.2 (KHTML, like Gecko) Version\/7.0 Mobile\/11D257 Safari\/9537.53\"",
  "userId": "95"
}
{
  "artist": "Florence + The Machine",
  "auth": "Logged In",
  "firstName": "Lily",
  "gender": "F",
  "itemInSession": 0,
  "lastName": "Koch",
  "length": 290.48118,
  "level": "paid",
  "location": "Chicago-Naperville-Elgin, IL-IN-WI",
  "method": "PUT",
  "page": "NextSong",
  "registration": 1541048010796.0,
  "sessionId": 199,
  "song": "Rabbit Heart (Raise It Up)",
  "status": 200,
  "ts": 1541264282796,
  "userAgent": "\"Mozilla\/5.0 (X11; Linux x86_64) AppleWebKit\/537.36 (KHTML, like Gecko) Ubuntu Chromium\/36.0.1985.125 Chrome\/36.0.1985.125 Safari\/537.36\"",
  "userId": "15"
}
{
  "artist": "De La Soul",
  "auth": "Logged In",
  "firstName": "Sara",
  "gender": "F",
  "itemInSession": 17,
  "lastName": "Johnson",
  "length": 221.72689,
  "level": "paid",
  "location": "Winston-Salem, NC",
  "method": "PUT",
  "page": "NextSong",
  "registration": 1540809153796.0,
  "sessionId": 152,
  "song": "Me_ Myself & I",
  "status": 200,
  "ts": 1541264323796,
  "userAgent": "\"Mozilla\/5.0 (iPhone; CPU iPhone OS 7_1_2 like Mac OS X) AppleWebKit\/537.51.2 (KHTML, like Gecko) Version\/7.0 Mobile\/11D257 Safari\/9537.53\"",
  "userId": "95"
}
{
  "artist": "Lil Wayne \/ T-Pain",
  "auth": "Logged In",
  "firstName": "Sara",
  "gender": "F",
  "itemInSession": 18,
  "lastName": "Johnson",
  "length": 244.58404,
  "level": "paid",
  "location": "Winston-Salem, NC",
  "method": "PUT",
  "page": "NextSong",
  "registration": 1540809153796.0,
  "sessionId": 152,
  "song": "Got Money",
  "status": 200,
  "ts": 1541264544796,
  "userAgent": "\"Mozilla\/5.0 (iPhone; CPU iPhone OS 7_1_2 like Mac OS X) AppleWebKit\/537.51.2 (KHTML, like Gecko) Version\/7.0 Mobile\/11D257 Safari\/9537.53\"",
  "userId": "95"
}
{
  "artist": "Cher",
  "auth": "Logged In",
  "firstName": "Lily",
  "gender": "F",
  "itemInSession": 1,
  "lastName": "Koch",
  "length": 167.41832,
  "level": "paid",
  "location": "Chicago-Naperville-Elgin, IL-IN-WI",
  "method": "PUT",
  "page": "NextSong",
  "registration": 1541048010796.0,
  "sessionId": 199,
  "song": "Milord",
  "status": 200,
  "ts": 1541264572796,
  "userAgent": "\"Mozilla\/5.0 (X11; Linux x86_64) AppleWebKit\/537.36 (KHTML, like Gecko) Ubuntu Chromium\/36.0.1985.125 Chrome\/36.0.1985.125 Safari\/537.36\"",
  "userId": "15"
}
{
  "artist": "Edge Of Dawn",
  "auth": "Logged In",
  "firstName": "Lily",
  "gender": "F",
  "itemInSession": 2,
  "lastName": "Koch",
  "length": 253.72689,
  "level": "paid",
  "location": "Chicago-Naperville-Elgin, IL-IN-WI",
  "method": "PUT",
  "page": "NextSong",
  "registration": 1541048010796.0,
  "sessionId": 199,
  "song": "Losing Ground",
  "status": 200,
  "ts": 1541264739796,
  "userAgent": "\"Mozilla\/5.0 (X11; Linux x86_64) AppleWebKit\/537.36 (KHTML, like Gecko) Ubuntu Chromium\/36.0.1985.125 Chrome\/36.0.1985.125 Safari\/537.36\"",
  "userId": "15"
}
{
  "artist": "The Black Keys",
  "auth": "Logged In",
  "firstName": "Sara",
  "gender": "F",
  "itemInSession": 19,
  "lastName": "Johnson",
  "length": 223.84281,
  "level": "paid",
  "location": "Winston-Salem, NC",
  "method": "PUT",
  "page": "NextSong",
  "registration": 1540809153796.0,
  "sessionId": 152,
  "song": "Elevator",
  "status": 200,
  "ts": 1541264788796,
  "userAgent": "\"Mozilla\/5.0 (iPhone; CPU iPhone OS 7_1_2 like Mac OS X) AppleWebKit\/537.51.2 (KHTML, like Gecko) Version\/7.0 Mobile\/11D257 Safari\/9537.53\"",
  "userId": "95"
}
{
  "artist": "Smokie Norful",
  "auth": "Logged In",
  "firstName": "Lily",
  "gender": "F",
  "itemInSession": 3,
  "lastName": "Koch",
  "length": 337.84118,
  "level": "paid",
  "location": "Chicago-Naperville-Elgin, IL-IN-WI",
  "method": "PUT",
  "page": "NextSong",
  "registration": 1541048010796.0,
  "sessionId": 199,
  "song": "I Need You Now (Build A Bridge Version)",
  "status": 200,
  "ts": 1541264992796,
  "userAgent": "\"Mozilla\/5.0 (X11; Linux x86_64) AppleWebKit\/537.36 (KHTML, like Gecko) Ubuntu Chromium\/36.0.1985.125 Chrome\/36.0.1985.125 Safari\/537.36\"",
  "userId": "15"
}
{
  "artist": "Adam Lambert",
  "auth": "Logged In",
  "firstName": "Sara",
  "gender": "F",
  "itemInSession": 20,
  "lastName": "Johnson",
  "length": 227.39546,
  "level": "paid",
  "location": "Winston-Salem, NC",
  "method": "PUT",
  "page": "NextSong",
  "registration": 1540809153796.0,
  "sessionId": 152,
  "song": "Whataya Want From Me",
  "status": 200,
  "ts": 1541265011796,
  "userAgent": "\"Mozilla\/5.0 (iPhone; CPU iPhone OS 7_1_2 like Mac OS X) AppleWebKit\/537.51.2 (KHTML, like Gecko) Version\/7.0 Mobile\/11D257 Safari\/9537.53\"",
  "userId": "95"
}
{
  "artist": "Pulp",
  "auth": "Logged In",
  "firstName": "Sara",
  "gender": "F",
  "itemInSession": 21,
  "lastName": "Johnson",
  "length": 208.95302,
  "level": "paid",
  "location": "Winston-Salem, NC",
  "method": "PUT",
  "page": "NextSong",
  "registration": 1540809153796.0,
  "sessionId": 152,
  "song": "Little Girl (With Blue Eyes)",
  "status": 200,
  "ts": 1541265238796,
  "userAgent": "\"Mozilla\/5.0 (iPhone; CPU iPhone OS 7_1_2 like Mac OS X) AppleWebKit\/537.51.2 (KHTML, like Gecko) Version\/7.0 Mobile\/11D257 Safari\/9537.53\"",
  "userId": "95"
}
{
  "artist": "Alliance Ethnik",
  "auth": "Logged In",
  "firstName": "Lily",
  "gender": "F",
  "itemInSession": 4,
  "lastName": "Koch",
  "length": 265.76934,
  "level": "paid",
  "location": "Chicago-Naperville-Elgin, IL-IN-WI",
  "method": "PUT",
  "page": "NextSong",
  "registration": 1541048010796.0,
  "sessionId": 199,
  "song": "Creil City",
  "status": 200,
  "ts": 1541265329796,
  "userAgent": "\"Mozilla\/5.0 (X11; Linux x86_64) AppleWebKit\/537.36 (KHTML, like Gecko) Ubuntu Chromium\/36.0.1985.125 Chrome\/36.0.1985.125 Safari\/537.36\"",
  "userId": "15"
}
{
  "artist": "Tricky",
  "auth": "Logged In",
  "firstName": "Sara",
  "gender": "F",
  "itemInSession": 22,
  "lastName": "Johnson",
  "length": 212.79302,
  "level": "paid",
  "location": "Winston-Salem, NC",
  "method": "PUT",
  "page": "NextSong",
  "registration": 1540809153796.0,
  "sessionId": 152,
  "song": "Ponderosa",
  "status": 200,
  "ts": 1541265446796,
  "userAgent": "\"Mozilla\/5.0 (iPhone; CPU iPhone OS 7_1_2 like Mac OS X) AppleWebKit\/537.51.2 (KHTML, like Gecko) Version\/7.0 Mobile\/11D257 Safari\/9537.53\"",
  "userId": "95"
}
{
  "artist": "John Butler Trio",
  "auth": "Logged In",
  "firstName": "Lily",
  "gender": "F",
  "itemInSession": 5,
  "lastName": "Koch",
  "length": 223.68608,
  "level": "paid",
  "location": "Chicago-Naperville-Elgin, IL-IN-WI",
  "method": "PUT",
  "page": "NextSong",
  "registration": 1541048010796.0,
  "sessionId": 199,
  "song": "Betterman (full-length\/album version)",
  "status": 200,
  "ts": 1541265594796,
  "userAgent": "\"Mozilla\/5.0 (X11; Linux x86_64) AppleWebKit\/537.36 (KHTML, like Gecko) Ubuntu Chromium\/36.0.1985.125 Chrome\/36.0.1985.125 Safari\/537.36\"",
  "userId": "15"
}
{
  "artist": "Culture Club",
  "auth": "Logged In",
  "firstName": "Sara",
  "gender": "F",
  "itemInSession": 23,
  "lastName": "Johnson",
  "length": 282.48771,
  "level": "paid",
  "location": "Winston-Salem, NC",
  "method": "PUT",
  "page": "NextSong",
  "registration": 1540809153796.0,
  "sessionId": 152,
  "song": "Believe (Demo)",
  "status": 200,
  "ts": 1541265658796,
  "userAgent": "\"Mozilla\/5.0 (iPhone; CPU iPhone OS 7_1_2 like Mac OS X) AppleWebKit\/537.51.2 (KHTML, like Gecko) Version\/7.0 Mobile\/11D257 Safari\/9537.53\"",
  "userId": "95"
}
{
  "artist": "The Temper Trap",
  "auth": "Logged In",
  "firstName": "Lily",
  "gender": "F",
  "itemInSession": 6,
  "lastName": "Koch",
  "length": 192.67873,
  "level": "paid",
  "location": "Chicago-Naperville-Elgin, IL-IN-WI",
  "method": "PUT",
  "page": "NextSong",
  "registration": 1541048010796.0,
  "sessionId": 199,
  "song": "Fader",
  "status": 200,
  "ts": 1541265817796,
  "userAgent": "\"Mozilla\/5.0 (X11; Linux x86_64) AppleWebKit\/537.36 (KHTML, like Gecko) Ubuntu Chromium\/36.0.1985.125 Chrome\/36.0.1985.125 Safari\/537.36\"",
  "userId": "15"
}
{
  "artist": "La Mosca Tse-Tse",
  "auth": "Logged In",
  "firstName": "Sara",
  "gender": "F",
  "itemInSession": 24,
  "lastName": "Johnson",
  "length": 195.082,
  "level": "paid",
  "location": "Winston-Salem, NC",
  "method": "PUT",
  "page": "NextSong",
  "registration": 1540809153796.0,
  "sessionId": 152,
  "song": "Patadas En El Corazon",
  "status": 200,
  "ts": 1541265940796,
  "userAgent": "\"Mozilla\/5.0 (iPhone; CPU iPhone OS 7_1_2 like Mac OS X) AppleWebKit\/537.51.2 (KHTML, like Gecko) Version\/7.0 Mobile\/11D257 Safari\/9537.53\"",
  "userId": "95"
}
{
  "artist": "Cute Is What We Aim For",
  "auth": "Logged In",
  "firstName": "Lily",
  "gender": "F",
  "itemInSession": 7,
  "lastName": "Koch",
  "length": 201.22077,
  "level": "paid",
  "location": "Chicago-Naperville-Elgin, IL-IN-WI",
  "method": "PUT",
  "page": "NextSong",
  "registration": 1541048010796.0,
  "sessionId": 199,
  "song": "Finger Twist & Split (Album Version)",
  "status": 200,
  "ts": 1541266009796,
  "userAgent": "\"Mozilla\/5.0 (X11; Linux x86_64) AppleWebKit\/537.36 (KHTML, like Gecko) Ubuntu Chromium\/36.0.1985.125 Chrome\/36.0.1985.125 Safari\/537.36\"",
  "userId": "15"
}
{
  "artist": "Jack Johnson",
  "auth": "Logged In",
  "firstName": "Sara",
  "gender": "F",
  "itemInSession": 25,
  "lastName": "Johnson",
  "length": 236.72118,
  "level": "paid",
  "location": "Winston-Salem, NC",
  "method": "PUT",
  "page": "NextSong",
  "registration": 1540809153796.0,
  "sessionId": 152,
  "song": "Bubble Toes",
  "status": 200,
  "ts": 1541266135796,
  "userAgent": "\"Mozilla\/5.0 (iPhone; CPU iPhone OS 7_1_2 like Mac OS X) AppleWebKit\/537.51.2 (KHTML, like Gecko) Version\/7.0 Mobile\/11D257 Safari\/9537.53\"",
  "userId": "95"
}
{
  "artist": "Siriusmo",
  "auth": "Logged In",
  "firstName": "Lily",
  "gender": "F",
  "itemInSession": 8,
  "lastName": "Koch",
  "length": 272.61342,
  "level": "paid",
  "location": "Chicago-Naperville-Elgin, IL-IN-WI",
  "method": "PUT",
  "page": "NextSong",
  "registration": 1541048010796.0,
  "sessionId": 199,
  "song": "Simple",
  "status": 200,
  "ts": 1541266210796,
  "userAgent": "\"Mozilla\/5.0 (X11; Linux x86_64) AppleWebKit\/537.36 (KHTML, like Gecko) Ubuntu Chromium\/36.0.1985.125 Chrome\/36.0.1985.125 Safari\/537.36\"",
  "userId": "15"
}
{
  "artist": "Creedence Clearwater Revival",
  "auth": "Logged In",
  "firstName": "Sara",
  "gender": "F",
  "itemInSession": 26,
  "lastName": "Johnson",
  "length": 312.89424,
  "level": "paid",
  "location": "Winston-Salem, NC",
  "method": "PUT",
  "page": "NextSong",
  "registration": 1540809153796.0,
  "sessionId": 152,
  "song": "Feelin' Blue",
  "status": 200,
  "ts": 1541266371796,
  "userAgent": "\"Mozilla\/5.0 (iPhone; CPU iPhone OS 7_1_2 like Mac OS X) AppleWebKit\/537.51.2 (KHTML, like Gecko) Version\/7.0 Mobile\/11D257 Safari\/9537.53\"",
  "userId": "95"
}
{
  "artist": "Alberto Plaza",
  "auth": "Logged In",
  "firstName": "Lily",
  "gender": "F",
  "itemInSession": 9,
  "lastName": "Koch",
  "length": 271.3073,
  "level": "paid",
  "location": "Chicago-Naperville-Elgin, IL-IN-WI",
  "method": "PUT",
  "page": "NextSong",
  "registration": 1541048010796.0,
  "sessionId": 199,
  "song": "No Seas Cruel (vivo)",
  "status": 200,
  "ts": 1541266482796,
  "userAgent": "\"Mozilla\/5.0 (X11; Linux x86_64) AppleWebKit\/537.36 (KHTML, like Gecko) Ubuntu Chromium\/36.0.1985.125 Chrome\/36.0.1985.125 Safari\/537.36\"",
  "userId": "15"
}
{
  "artist": "Brand New",
  "auth": "Logged In",
  "firstName": "Sara",
  "gender": "F",
  "itemInSession": 27,
  "lastName": "Johnson",
  "length": 188.49914,
  "level": "paid",
  "location": "Winston-Salem, NC",
  "method": "PUT",
  "page": "NextSong",
  "registration": 1540809153796.0,
  "sessionId": 152,
  "song": "Not The Sun",
  "status": 200,
  "ts": 1541266683796,
  "userAgent": "\"Mozilla\/5.0 (iPhone; CPU iPhone OS 7_1_2 like Mac OS X) AppleWebKit\/537.51.2 (KHTML, like Gecko) Version\/7.0 Mobile\/11D257 Safari\/9537.53\"",
  "userId": "95"
}
{
  "artist": "Sean Lennon",
  "auth": "Logged In",
  "firstName": "Lily",
  "gender": "F",
  "itemInSession": 10,
  "lastName": "Koch",
  "length": 202.97098,
  "level": "paid",
  "location": "Chicago-Naperville-Elgin, IL-IN-WI",
  "method": "PUT",
  "page": "NextSong",
  "registration": 1541048010796.0,
  "sessionId": 199,
  "song": "Into The Sun",
  "status": 200,
  "ts": 1541266753796,
  "userAgent": "\"Mozilla\/5.0 (X11; Linux x86_64) AppleWebKit\/537.36 (KHTML, like Gecko) Ubuntu Chromium\/36.0.1985.125 Chrome\/36.0.1985.125 Safari\/537.36\"",
  "userId": "15"
}
{
  "artist": "K-OS",
  "auth": "Logged In",
  "firstName": "Sara",
  "gender": "F",
  "itemInSession": 28,
  "lastName": "Johnson",
  "length": 211.33016,
  "level": "paid",
  "location": "Winston-Salem, NC",
  "method": "PUT",
  "page": "NextSong",
  "registration": 1540809153796.0,
  "sessionId": 152,
  "song": "EMCEE Murdah",
  "status": 200,
  "ts": 1541266871796,
  "userAgent": "\"Mozilla\/5.0 (iPhone; CPU iPhone OS 7_1_2 like Mac OS X) AppleWebKit\/537.51.2 (KHTML, like Gecko) Version\/7.0 Mobile\/11D257 Safari\/9537.53\"",
  "userId": "95"
}
{
  "artist": "Nana Caymmi",
  "auth": "Logged In",
  "firstName": "Lily",
  "gender": "F",
  "itemInSession": 11,
  "lastName": "Koch",
  "length": 251.0624,
  "level": "paid",
  "location": "Chicago-Naperville-Elgin, IL-IN-WI",
  "method": "PUT",
  "page": "NextSong",
  "registration": 1541048010796.0,
  "sessionId": 199,
  "song": "Acercate Mas (2000 Digital Remaster)",
  "status": 200,
  "ts": 1541266955796,
  "userAgent": "\"Mozilla\/5.0 (X11; Linux x86_64) AppleWebKit\/537.36 (KHTML, like Gecko) Ubuntu Chromium\/36.0.1985.125 Chrome\/36.0.1985.125 Safari\/537.36\"",
  "userId": "15"
}
{
  "artist": "Casino Versus Japan",
  "auth": "Logged In",
  "firstName": "Sara",
  "gender": "F",
  "itemInSession": 29,
  "lastName": "Johnson",
  "length": 86.30812,
  "level": "paid",
  "location": "Winston-Salem, NC",
  "method": "PUT",
  "page": "NextSong",
  "registration": 1540809153796.0,
  "sessionId": 152,
  "song": "Moonlupe",
  "status": 200,
  "ts": 1541267082796,
  "userAgent": "\"Mozilla\/5.0 (iPhone; CPU iPhone OS 7_1_2 like Mac OS X) AppleWebKit\/537.51.2 (KHTML, like Gecko) Version\/7.0 Mobile\/11D257 Safari\/9537.53\"",
  "userId": "95"
}
{
  "artist": "the bird and the bee",
  "auth": "Logged In",
  "firstName": "Sara",
  "gender": "F",
  "itemInSession": 30,
  "lastName": "Johnson",
  "length": 281.23383,
  "level": "paid",
  "location": "Winston-Salem, NC",
  "method": "PUT",
  "page": "NextSong",
  "registration": 1540809153796.0,
  "sessionId": 152,
  "song": "Ray Gun",
  "status": 200,
  "ts": 1541267168796,
  "userAgent": "\"Mozilla\/5.0 (iPhone; CPU iPhone OS 7_1_2 like Mac OS X) AppleWebKit\/537.51.2 (KHTML, like Gecko) Version\/7.0 Mobile\/11D257 Safari\/9537.53\"",
  "userId": "95"
}
{
  "artist": "Skyforger",
  "auth": "Logged In",
  "firstName": "Lily",
  "gender": "F",
  "itemInSession": 12,
  "lastName": "Koch",
  "length": 38.94812,
  "level": "paid",
  "location": "Chicago-Naperville-Elgin, IL-IN-WI",
  "method": "PUT",
  "page": "NextSong",
  "registration": 1541048010796.0,
  "sessionId": 199,
  "song": "In the Yard of the Father's Son",
  "status": 200,
  "ts": 1541267206796,
  "userAgent": "\"Mozilla\/5.0 (X11; Linux x86_64) AppleWebKit\/537.36 (KHTML, like Gecko) Ubuntu Chromium\/36.0.1985.125 Chrome\/36.0.1985.125 Safari\/537.36\"",
  "userId": "15"
}
{
  "artist": "Bryan Ferry",
  "auth": "Logged In",
  "firstName": "Lily",
  "gender": "F",
  "itemInSession": 13,
  "lastName": "Koch",
  "length": 265.87383,
  "level": "paid",
  "location": "Chicago-Naperville-Elgin, IL-IN-WI",
  "method": "PUT",
  "page": "NextSong",
  "registration": 1541048010796.0,
  "sessionId": 199,
  "song": "Slave To Love (1999 Digital Remaster)",
  "status": 200,
  "ts": 1541267244796,
  "userAgent": "\"Mozilla\/5.0 (X11; Linux x86_64) AppleWebKit\/537.36 (KHTML, like Gecko) Ubuntu Chromium\/36.0.1985.125 Chrome\/36.0.1985.125 Safari\/537.36\"",
  "userId": "15"
}
{
  "artist": "The Black Keys",
  "auth": "Logged In",
  "firstName": "Sara",
  "gender": "F",
  "itemInSession": 31,
  "lastName": "Johnson",
  "length": 196.91057,
  "level": "paid",
  "location": "Winston-Salem, NC",
  "method": "PUT",
  "page": "NextSong",
  "registration": 1540809153796.0,
  "sessionId": 152,
  "song": "All Hands Against His Own",
  "status": 200,
  "ts": 1541267449796,
  "userAgent": "\"Mozilla\/5.0 (iPhone; CPU iPhone OS 7_1_2 like Mac OS X) AppleWebKit\/537.51.2 (KHTML, like Gecko) Version\/7.0 Mobile\/11D257 Safari\/9537.53\"",
  "userId": "95"
}
{
  "artist": "Foxy Shazam",
  "auth": "Logged In",
  "firstName": "Lily",
  "gender": "F",
  "itemInSession": 14,
  "lastName": "Koch",
  "length": 201.74322,
  "level": "paid",
  "location": "Chicago-Naperville-Elgin, IL-IN-WI",
  "method": "PUT",
  "page": "NextSong",
  "registration": 1541048010796.0,
  "sessionId": 199,
  "song": "Wanna-be Angel (Album Version)",
  "status": 200,
  "ts": 1541267509796,
  "userAgent": "\"Mozilla\/5.0 (X11; Linux x86_64) AppleWebKit\/537.36 (KHTML, like Gecko) Ubuntu Chromium\/36.0.1985.125 Chrome\/36.0.1985.125 Safari\/537.36\"",
  "userId": "15"
}
{
  "artist": "The Ruts",
  "auth": "Logged In",
  "firstName": "Sara",
  "gender": "F",
  "itemInSession": 32,
  "lastName": "Johnson",
  "length": 338.96444,
  "level": "paid",
  "location": "Winston-Salem, NC",
  "method": "PUT",
  "page": "NextSong",
  "registration": 1540809153796.0,
  "sessionId": 152,
  "song": "West One (Shine On Me)",
  "status": 200,
  "ts": 1541267645796,
  "userAgent": "\"Mozilla\/5.0 (iPhone; CPU iPhone OS 7_1_2 like Mac OS X) AppleWebKit\/537.51.2 (KHTML, like Gecko) Version\/7.0 Mobile\/11D257 Safari\/9537.53\"",
  "userId": "95"
}
{
  "artist": "Old 97's",
  "auth": "Logged In",
  "firstName": "Lily",
  "gender": "F",
  "itemInSession": 15,
  "lastName": "Koch",
  "length": 231.28771,
  "level": "paid",
  "location": "Chicago-Naperville-Elgin, IL-IN-WI",
  "method": "PUT",
  "page": "NextSong",
  "registration": 1541048010796.0,
  "sessionId": 199,
  "song": "Victoria (LP Version)",
  "status": 200,
  "ts": 1541267710796,
  "userAgent": "\"Mozilla\/5.0 (X11; Linux x86_64) AppleWebKit\/537.36 (KHTML, like Gecko) Ubuntu Chromium\/36.0.1985.125 Chrome\/36.0.1985.125 Safari\/537.36\"",
  "userId": "15"
}
{
  "artist": "Lonnie Gordon",
  "auth": "Logged In",
  "firstName": "Lily",
  "gender": "F",
  "itemInSession": 16,
  "lastName": "Koch",
  "length": 181.21098,
  "level": "paid",
  "location": "Chicago-Naperville-Elgin, IL-IN-WI",
  "method": "PUT",
  "page": "NextSong",
  "registration": 1541048010796.0,
  "sessionId": 199,
  "song": "Catch You Baby (Steve Pitron & Max Sanna Radio Edit)",
  "status": 200,
  "ts": 1541267941796,
  "userAgent": "\"Mozilla\/5.0 (X11; Linux x86_64) AppleWebKit\/537.36 (KHTML, like Gecko) Ubuntu Chromium\/36.0.1985.125 Chrome\/36.0.1985.125 Safari\/537.36\"",
  "userId": "15"
}
{
  "artist": "Bon Iver",
  "auth": "Logged In",
  "firstName": "Sara",
  "gender": "F",
  "itemInSession": 33,
  "lastName": "Johnson",
  "length": 220.70812,
  "level": "paid",
  "location": "Winston-Salem, NC",
  "method": "PUT",
  "page": "NextSong",
  "registration": 1540809153796.0,
  "sessionId": 152,
  "song": "For Emma",
  "status": 200,
  "ts": 1541267983796,
  "userAgent": "\"Mozilla\/5.0 (iPhone; CPU iPhone OS 7_1_2 like Mac OS X) AppleWebKit\/537.51.2 (KHTML, like Gecko) Version\/7.0 Mobile\/11D257 Safari\/9537.53\"",
  "userId": "95"
}
{
  "artist": "Florence + The Machine",
  "auth": "Logged In",
  "firstName": "Lily",
  "gender": "F",
  "itemInSession": 17,
  "lastName": "Koch",
  "length": 219.66322,
  "level": "paid",
  "location": "Chicago-Naperville-Elgin, IL-IN-WI",
  "method": "PUT",
  "page": "NextSong",
  "registration": 1541048010796.0,
  "sessionId": 199,
  "song": "Dog Days Are Over (Radio Edit)",
  "status": 200,
  "ts": 1541268122796,
  "userAgent": "\"Mozilla\/5.0 (X11; Linux x86_64) AppleWebKit\/537.36 (KHTML, like Gecko) Ubuntu Chromium\/36.0.1985.125 Chrome\/36.0.1985.125 Safari\/537.36\"",
  "userId": "15"
}
{
  "artist": "Glen Washington",
  "auth": "Logged In",
  "firstName": "Sara",
  "gender": "F",
  "itemInSession": 34,
  "lastName": "Johnson",
  "length": 193.82812,
  "level": "paid",
  "location": "Winston-Salem, NC",
  "method": "PUT",
  "page": "NextSong",
  "registration": 1540809153796.0,
  "sessionId": 152,
  "song": "One Of These Days",
  "status": 200,
  "ts": 1541268203796,
  "userAgent": "\"Mozilla\/5.0 (iPhone; CPU iPhone OS 7_1_2 like Mac OS X) AppleWebKit\/537.51.2 (KHTML, like Gecko) Version\/7.0 Mobile\/11D257 Safari\/9537.53\"",
  "userId": "95"
}
{
  "artist": "Mad Cobra",
  "auth": "Logged In",
  "firstName": "Lily",
  "gender": "F",
  "itemInSession": 18,
  "lastName": "Koch",
  "length": 230.68689,
  "level": "paid",
  "location": "Chicago-Naperville-Elgin, IL-IN-WI",
  "method": "PUT",
  "page": "NextSong",
  "registration": 1541048010796.0,
  "sessionId": 199,
  "song": "Flex",
  "status": 200,
  "ts": 1541268341796,
  "userAgent": "\"Mozilla\/5.0 (X11; Linux x86_64) AppleWebKit\/537.36 (KHTML, like Gecko) Ubuntu Chromium\/36.0.1985.125 Chrome\/36.0.1985.125 Safari\/537.36\"",
  "userId": "15"
}
{
  "artist": "Dropout Year",
  "auth": "Logged In",
  "firstName": "Sara",
  "gender": "F",
  "itemInSession": 35,
  "lastName": "Johnson",
  "length": 227.36934,
  "level": "paid",
  "location": "Winston-Salem, NC",
  "method": "PUT",
  "page": "NextSong",
  "registration": 1540809153796.0,
  "sessionId": 152,
  "song": "This Notebook",
  "status": 200,
  "ts": 1541268396796,
  "userAgent": "\"Mozilla\/5.0 (iPhone; CPU iPhone OS 7_1_2 like Mac OS X) AppleWebKit\/537.51.2 (KHTML, like Gecko) Version\/7.0 Mobile\/11D257 Safari\/9537.53\"",
  "userId": "95"
}
{
  "artist": "Flogging Molly",
  "auth": "Logged In",
  "firstName": "Lily",
  "gender": "F",
  "itemInSession": 19,
  "lastName": "Koch",
  "length": 260.75383,
  "level": "paid",
  "location": "Chicago-Naperville-Elgin, IL-IN-WI",
  "method": "PUT",
  "page": "NextSong",
  "registration": 1541048010796.0,
  "sessionId": 199,
  "song": "Punch Drunk Grinning Soul",
  "status": 200,
  "ts": 1541268571796,
  "userAgent": "\"Mozilla\/5.0 (X11; Linux x86_64) AppleWebKit\/537.36 (KHTML, like Gecko) Ubuntu Chromium\/36.0.1985.125 Chrome\/36.0.1985.125 Safari\/537.36\"",
  "userId": "15"
}
{
  "artist": "Young Rebel Set",
  "auth": "Logged In",
  "firstName": "Sara",
  "gender": "F",
  "itemInSession": 36,
  "lastName": "Johnson",
  "length": 248.55465,
  "level": "paid",
  "location": "Winston-Salem, NC",
  "method": "PUT",
  "page": "NextSong",
  "registration": 1540809153796.0,
  "sessionId": 152,
  "song": "If I Was",
  "status": 200,
  "ts": 1541268623796,
  "userAgent": "\"Mozilla\/5.0 (iPhone; CPU iPhone OS 7_1_2 like Mac OS X) AppleWebKit\/537.51.2 (KHTML, like Gecko) Version\/7.0 Mobile\/11D257 Safari\/9537.53\"",
  "userId": "95"
}
{
  "artist": "Sneaker Pimps",
  "auth": "Logged In",
  "firstName": "Lily",
  "gender": "F",
  "itemInSession": 20,
  "lastName": "Koch",
  "length": 260.91057,
  "level": "paid",
  "location": "Chicago-Naperville-Elgin, IL-IN-WI",
  "method": "PUT",
  "page": "NextSong",
  "registration": 1541048010796.0,
  "sessionId": 199,
  "song": "Spin Spin Sugar",
  "status": 200,
  "ts": 1541268831796,
  "userAgent": "\"Mozilla\/5.0 (X11; Linux x86_64) AppleWebKit\/537.36 (KHTML, like Gecko) Ubuntu Chromium\/36.0.1985.125 Chrome\/36.0.1985.125 Safari\/537.36\"",
  "userId": "15"
}
{
  "artist": "Righteous Brothers",
  "auth": "Logged In",
  "firstName": "Sara",
  "gender": "F",
  "itemInSession": 37,
  "lastName": "Johnson",
  "length": 215.90159,
  "level": "paid",
  "location": "Winston-Salem, NC",
  "method": "PUT",
  "page": "NextSong",
  "registration": 1540809153796.0,
  "sessionId": 152,
  "song": "Unchained Melody",
  "status": 200,
  "ts": 1541268871796,
  "userAgent": "\"Mozilla\/5.0 (iPhone; CPU iPhone OS 7_1_2 like Mac OS X) AppleWebKit\/537.51.2 (KHTML, like Gecko) Version\/7.0 Mobile\/11D257 Safari\/9537.53\"",
  "userId": "95"
}
{
  "artist": "Me First And The Gimme Gimmes",
  "auth": "Logged In",
  "firstName": "Sara",
  "gender": "F",
  "itemInSession": 38,
  "lastName": "Johnson",
  "length": 64.39138,
  "level": "paid",
  "location": "Winston-Salem, NC",
  "method": "PUT",
  "page": "NextSong",
  "registration": 1540809153796.0,
  "sessionId": 152,
  "song": "Jonny's Blessing",
  "status": 200,
  "ts": 1541269086796,
  "userAgent": "\"Mozilla\/5.0 (iPhone; CPU iPhone OS 7_1_2 like Mac OS X) AppleWebKit\/537.51.2 (KHTML, like Gecko) Version\/7.0 Mobile\/11D257 Safari\/9537.53\"",
  "userId": "95"
}
{
  "artist": "Texas In July",
  "auth": "Logged In",
  "firstName": "Lily",
  "gender": "F",
  "itemInSession": 21,
  "lastName": "Koch",
  "length": 190.69342,
  "level": "paid",
  "location": "Chicago-Naperville-Elgin, IL-IN-WI",
  "method": "PUT",
  "page": "NextSong",
  "registration": 1541048010796.0,
  "sessionId": 199,
  "song": "Aurora",
  "status": 200,
  "ts": 1541269091796,
  "userAgent": "\"Mozilla\/5.0 (X11; Linux x86_64) AppleWebKit\/537.36 (KHTML, like Gecko) Ubuntu Chromium\/36.0.1985.125 Chrome\/36.0.1985.125 Safari\/537.36\"",
  "userId": "15"
}
{
  "artist": "Alice In Chains",
  "auth": "Logged In",
  "firstName": "Sara",
  "gender": "F",
  "itemInSession": 39,
  "lastName": "Johnson",
  "length": 230.60853,
  "level": "paid",
  "location": "Winston-Salem, NC",
  "method": "PUT",
  "page": "NextSong",
  "registration": 1540809153796.0,
  "sessionId": 152,
  "song": "God Smack",
  "status": 200,
  "ts": 1541269150796,
  "userAgent": "\"Mozilla\/5.0 (iPhone; CPU iPhone OS 7_1_2 like Mac OS X) AppleWebKit\/537.51.2 (KHTML, like Gecko) Version\/7.0 Mobile\/11D257 Safari\/9537.53\"",
  "userId": "95"
}
{
  "artist": null,
  "auth": "Logged In",
  "firstName": "Sara",
  "gender": "F",
  "itemInSession": 40,
  "lastName": "Johnson",
  "length": null,
  "level": "paid",
  "location": "Winston-Salem, NC",
  "method": "GET",
  "page": "Downgrade",
  "registration": 1540809153796.0,
  "sessionId": 152,
  "song": null,
  "status": 200,
  "ts": 1541269220796,
  "userAgent": "\"Mozilla\/5.0 (iPhone; CPU iPhone OS 7_1_2 like Mac OS X) AppleWebKit\/537.51.2 (KHTML, like Gecko) Version\/7.0 Mobile\/11D257 Safari\/9537.53\"",
  "userId": "95"
}
{
  "artist": "10 Years",
  "auth": "Logged In",
  "firstName": "Lily",
  "gender": "F",
  "itemInSession": 22,
  "lastName": "Koch",
  "length": 229.95546,
  "level": "paid",
  "location": "Chicago-Naperville-Elgin, IL-IN-WI",
  "method": "PUT",
  "page": "NextSong",
  "registration": 1541048010796.0,
  "sessionId": 199,
  "song": "Wasteland",
  "status": 200,
  "ts": 1541269281796,
  "userAgent": "\"Mozilla\/5.0 (X11; Linux x86_64) AppleWebKit\/537.36 (KHTML, like Gecko) Ubuntu Chromium\/36.0.1985.125 Chrome\/36.0.1985.125 Safari\/537.36\"",
  "userId": "15"
}
{
  "artist": "Juanes",
  "auth": "Logged In",
  "firstName": "Lily",
  "gender": "F",
  "itemInSession": 23,
  "lastName": "Koch",
  "length": 233.40363,
  "level": "paid",
  "location": "Chicago-Naperville-Elgin, IL-IN-WI",
  "method": "PUT",
  "page": "NextSong",
  "registration": 1541048010796.0,
  "sessionId": 199,
  "song": "No Siento Penas",
  "status": 200,
  "ts": 1541269510796,
  "userAgent": "\"Mozilla\/5.0 (X11; Linux x86_64) AppleWebKit\/537.36 (KHTML, like Gecko) Ubuntu Chromium\/36.0.1985.125 Chrome\/36.0.1985.125 Safari\/537.36\"",
  "userId": "15"
}
{
  "artist": null,
  "auth": "Logged In",
  "firstName": "Sara",
  "gender": "F",
  "itemInSession": 41,
  "lastName": "Johnson",
  "length": null,
  "level": "paid",
  "location": "Winston-Salem, NC",
  "method": "GET",
  "page": "Downgrade",
  "registration": 1540809153796.0,
  "sessionId": 152,
  "song": null,
  "status": 200,
  "ts": 1541269515796,
  "userAgent": "\"Mozilla\/5.0 (iPhone; CPU iPhone OS 7_1_2 like Mac OS X) AppleWebKit\/537.51.2 (KHTML, like Gecko) Version\/7.0 Mobile\/11D257 Safari\/9537.53\"",
  "userId": "95"
}
{
  "artist": null,
  "auth": "Logged In",
  "firstName": "Sara",
  "gender": "F",
  "itemInSession": 42,
  "lastName": "Johnson",
  "length": null,
  "level": "paid",
  "location": "Winston-Salem, NC",
  "method": "GET",
  "page": "Home",
  "registration": 1540809153796.0,
  "sessionId": 152,
  "song": null,
  "status": 200,
  "ts": 1541269560796,
  "userAgent": "\"Mozilla\/5.0 (iPhone; CPU iPhone OS 7_1_2 like Mac OS X) AppleWebKit\/537.51.2 (KHTML, like Gecko) Version\/7.0 Mobile\/11D257 Safari\/9537.53\"",
  "userId": "95"
}
{
  "artist": "Cat Stevens",
  "auth": "Logged In",
  "firstName": "Sara",
  "gender": "F",
  "itemInSession": 43,
  "lastName": "Johnson",
  "length": 200.202,
  "level": "paid",
  "location": "Winston-Salem, NC",
  "method": "PUT",
  "page": "NextSong",
  "registration": 1540809153796.0,
  "sessionId": 152,
  "song": "Wild World",
  "status": 200,
  "ts": 1541269636796,
  "userAgent": "\"Mozilla\/5.0 (iPhone; CPU iPhone OS 7_1_2 like Mac OS X) AppleWebKit\/537.51.2 (KHTML, like Gecko) Version\/7.0 Mobile\/11D257 Safari\/9537.53\"",
  "userId": "95"
}
{
  "artist": "Passion Pit",
  "auth": "Logged In",
  "firstName": "Lily",
  "gender": "F",
  "itemInSession": 24,
  "lastName": "Koch",
  "length": 174.75873,
  "level": "paid",
  "location": "Chicago-Naperville-Elgin, IL-IN-WI",
  "method": "PUT",
  "page": "NextSong",
  "registration": 1541048010796.0,
  "sessionId": 199,
  "song": "Sleepyhead",
  "status": 200,
  "ts": 1541269743796,
  "userAgent": "\"Mozilla\/5.0 (X11; Linux x86_64) AppleWebKit\/537.36 (KHTML, like Gecko) Ubuntu Chromium\/36.0.1985.125 Chrome\/36.0.1985.125 Safari\/537.36\"",
  "userId": "15"
}
{
  "artist": "The Temper Trap",
  "auth": "Logged In",
  "firstName": "Sara",
  "gender": "F",
  "itemInSession": 44,
  "lastName": "Johnson",
  "length": 192.67873,
  "level": "paid",
  "location": "Winston-Salem, NC",
  "method": "PUT",
  "page": "NextSong",
  "registration": 1540809153796.0,
  "sessionId": 152,
  "song": "Fader",
  "status": 200,
  "ts": 1541269836796,
  "userAgent": "\"Mozilla\/5.0 (iPhone; CPU iPhone OS 7_1_2 like Mac OS X) AppleWebKit\/537.51.2 (KHTML, like Gecko) Version\/7.0 Mobile\/11D257 Safari\/9537.53\"",
  "userId": "95"
}
{
  "artist": "OneRepublic",
  "auth": "Logged In",
  "firstName": "Lily",
  "gender": "F",
  "itemInSession": 25,
  "lastName": "Koch",
  "length": 224.67873,
  "level": "paid",
  "location": "Chicago-Naperville-Elgin, IL-IN-WI",
  "method": "PUT",
  "page": "NextSong",
  "registration": 1541048010796.0,
  "sessionId": 199,
  "song": "Secrets",
  "status": 200,
  "ts": 1541269917796,
  "userAgent": "\"Mozilla\/5.0 (X11; Linux x86_64) AppleWebKit\/537.36 (KHTML, like Gecko) Ubuntu Chromium\/36.0.1985.125 Chrome\/36.0.1985.125 Safari\/537.36\"",
  "userId": "15"
}
{
  "artist": "Diplo",
  "auth": "Logged In",
  "firstName": "Sara",
  "gender": "F",
  "itemInSession": 45,
  "lastName": "Johnson",
  "length": 96.86159,
  "level": "paid",
  "location": "Winston-Salem, NC",
  "method": "PUT",
  "page": "NextSong",
  "registration": 1540809153796.0,
  "sessionId": 152,
  "song": "Florida",
  "status": 200,
  "ts": 1541270028796,
  "userAgent": "\"Mozilla\/5.0 (iPhone; CPU iPhone OS 7_1_2 like Mac OS X) AppleWebKit\/537.51.2 (KHTML, like Gecko) Version\/7.0 Mobile\/11D257 Safari\/9537.53\"",
  "userId": "95"
}
{
  "artist": "Afro Celt Sound System",
  "auth": "Logged In",
  "firstName": "Sara",
  "gender": "F",
  "itemInSession": 46,
  "lastName": "Johnson",
  "length": 425.01179,
  "level": "paid",
  "location": "Winston-Salem, NC",
  "method": "PUT",
  "page": "NextSong",
  "registration": 1540809153796.0,
  "sessionId": 152,
  "song": "Even In My Dreams",
  "status": 200,
  "ts": 1541270124796,
  "userAgent": "\"Mozilla\/5.0 (iPhone; CPU iPhone OS 7_1_2 like Mac OS X) AppleWebKit\/537.51.2 (KHTML, like Gecko) Version\/7.0 Mobile\/11D257 Safari\/9537.53\"",
  "userId": "95"
}
{
  "artist": "PeterLicht",
  "auth": "Logged In",
  "firstName": "Lily",
  "gender": "F",
  "itemInSession": 26,
  "lastName": "Koch",
  "length": 306.80771,
  "level": "paid",
  "location": "Chicago-Naperville-Elgin, IL-IN-WI",
  "method": "PUT",
  "page": "NextSong",
  "registration": 1541048010796.0,
  "sessionId": 199,
  "song": "Heiterkeit",
  "status": 200,
  "ts": 1541270141796,
  "userAgent": "\"Mozilla\/5.0 (X11; Linux x86_64) AppleWebKit\/537.36 (KHTML, like Gecko) Ubuntu Chromium\/36.0.1985.125 Chrome\/36.0.1985.125 Safari\/537.36\"",
  "userId": "15"
}
{
  "artist": null,
  "auth": "Logged In",
  "firstName": "Lily",
  "gender": "F",
  "itemInSession": 27,
  "lastName": "Koch",
  "length": null,
  "level": "paid",
  "location": "Chicago-Naperville-Elgin, IL-IN-WI",
  "method": "GET",
  "page": "Downgrade",
  "registration": 1541048010796.0,
  "sessionId": 199,
  "song": null,
  "status": 200,
  "ts": 1541270199796,
  "userAgent": "\"Mozilla\/5.0 (X11; Linux x86_64) AppleWebKit\/537.36 (KHTML, like Gecko) Ubuntu Chromium\/36.0.1985.125 Chrome\/36.0.1985.125 Safari\/537.36\"",
  "userId": "15"
}
{
  "artist": "M.A. Numminen",
  "auth": "Logged In",
  "firstName": "Sara",
  "gender": "F",
  "itemInSession": 47,
  "lastName": "Johnson",
  "length": 166.55628,
  "level": "paid",
  "location": "Winston-Salem, NC",
  "method": "PUT",
  "page": "NextSong",
  "registration": 1540809153796.0,
  "sessionId": 152,
  "song": "TULENLIEKKI",
  "status": 200,
  "ts": 1541270549796,
  "userAgent": "\"Mozilla\/5.0 (iPhone; CPU iPhone OS 7_1_2 like Mac OS X) AppleWebKit\/537.51.2 (KHTML, like Gecko) Version\/7.0 Mobile\/11D257 Safari\/9537.53\"",
  "userId": "95"
}
{
  "artist": null,
  "auth": "Logged In",
  "firstName": "Sara",
  "gender": "F",
  "itemInSession": 48,
  "lastName": "Johnson",
  "length": null,
  "level": "paid",
  "location": "Winston-Salem, NC",
  "method": "GET",
  "page": "Home",
  "registration": 1540809153796.0,
  "sessionId": 152,
  "song": null,
  "status": 200,
  "ts": 1541270836796,
  "userAgent": "\"Mozilla\/5.0 (iPhone; CPU iPhone OS 7_1_2 like Mac OS X) AppleWebKit\/537.51.2 (KHTML, like Gecko) Version\/7.0 Mobile\/11D257 Safari\/9537.53\"",
  "userId": "95"
}
{
  "artist": "Limp Bizkit",
  "auth": "Logged In",
  "firstName": "Sara",
  "gender": "F",
  "itemInSession": 49,
  "lastName": "Johnson",
  "length": 214.5171,
  "level": "paid",
  "location": "Winston-Salem, NC",
  "method": "PUT",
  "page": "NextSong",
  "registration": 1540809153796.0,
  "sessionId": 152,
  "song": "Rollin' (Air Raid Vehicle)",
  "status": 200,
  "ts": 1541270854796,
  "userAgent": "\"Mozilla\/5.0 (iPhone; CPU iPhone OS 7_1_2 like Mac OS X) AppleWebKit\/537.51.2 (KHTML, like Gecko) Version\/7.0 Mobile\/11D257 Safari\/9537.53\"",
  "userId": "95"
}
{
  "artist": "Downhere",
  "auth": "Logged In",
  "firstName": "Sara",
  "gender": "F",
  "itemInSession": 50,
  "lastName": "Johnson",
  "length": 230.71302,
  "level": "paid",
  "location": "Winston-Salem, NC",
  "method": "PUT",
  "page": "NextSong",
  "registration": 1540809153796.0,
  "sessionId": 152,
  "song": "In America (Album Version)",
  "status": 200,
  "ts": 1541271068796,
  "userAgent": "\"Mozilla\/5.0 (iPhone; CPU iPhone OS 7_1_2 like Mac OS X) AppleWebKit\/537.51.2 (KHTML, like Gecko) Version\/7.0 Mobile\/11D257 Safari\/9537.53\"",
  "userId": "95"
}
{
  "artist": "Roots Manuva",
  "auth": "Logged In",
  "firstName": "Sara",
  "gender": "F",
  "itemInSession": 51,
  "lastName": "Johnson",
  "length": 233.92608,
  "level": "paid",
  "location": "Winston-Salem, NC",
  "method": "PUT",
  "page": "NextSong",
  "registration": 1540809153796.0,
  "sessionId": 152,
  "song": "No Love",
  "status": 200,
  "ts": 1541271298796,
  "userAgent": "\"Mozilla\/5.0 (iPhone; CPU iPhone OS 7_1_2 like Mac OS X) AppleWebKit\/537.51.2 (KHTML, like Gecko) Version\/7.0 Mobile\/11D257 Safari\/9537.53\"",
  "userId": "95"
}
{
  "artist": "Lykke Li",
  "auth": "Logged In",
  "firstName": "Sara",
  "gender": "F",
  "itemInSession": 52,
  "lastName": "Johnson",
  "length": 162.19383,
  "level": "paid",
  "location": "Winston-Salem, NC",
  "method": "PUT",
  "page": "NextSong",
  "registration": 1540809153796.0,
  "sessionId": 152,
  "song": "Let It Fall",
  "status": 200,
  "ts": 1541271531796,
  "userAgent": "\"Mozilla\/5.0 (iPhone; CPU iPhone OS 7_1_2 like Mac OS X) AppleWebKit\/537.51.2 (KHTML, like Gecko) Version\/7.0 Mobile\/11D257 Safari\/9537.53\"",
  "userId": "95"
}
{
  "artist": "Plan B",
  "auth": "Logged In",
  "firstName": "Sara",
  "gender": "F",
  "itemInSession": 53,
  "lastName": "Johnson",
  "length": 222.82404,
  "level": "paid",
  "location": "Winston-Salem, NC",
  "method": "PUT",
  "page": "NextSong",
  "registration": 1540809153796.0,
  "sessionId": 152,
  "song": "Free",
  "status": 200,
  "ts": 1541271693796,
  "userAgent": "\"Mozilla\/5.0 (iPhone; CPU iPhone OS 7_1_2 like Mac OS X) AppleWebKit\/537.51.2 (KHTML, like Gecko) Version\/7.0 Mobile\/11D257 Safari\/9537.53\"",
  "userId": "95"
}
{
  "artist": "Octopus Project",
  "auth": "Logged In",
  "firstName": "Sara",
  "gender": "F",
  "itemInSession": 54,
  "lastName": "Johnson",
  "length": 498.33751,
  "level": "paid",
  "location": "Winston-Salem, NC",
  "method": "PUT",
  "page": "NextSong",
  "registration": 1540809153796.0,
  "sessionId": 152,
  "song": "Hypnopaedia",
  "status": 200,
  "ts": 1541271915796,
  "userAgent": "\"Mozilla\/5.0 (iPhone; CPU iPhone OS 7_1_2 like Mac OS X) AppleWebKit\/537.51.2 (KHTML, like Gecko) Version\/7.0 Mobile\/11D257 Safari\/9537.53\"",
  "userId": "95"
}
{
  "artist": "OneRepublic",
  "auth": "Logged In",
  "firstName": "Sara",
  "gender": "F",
  "itemInSession": 55,
  "lastName": "Johnson",
  "length": 224.67873,
  "level": "paid",
  "location": "Winston-Salem, NC",
  "method": "PUT",
  "page": "NextSong",
  "registration": 1540809153796.0,
  "sessionId": 152,
  "song": "Secrets",
  "status": 200,
  "ts": 1541272413796,
  "userAgent": "\"Mozilla\/5.0 (iPhone; CPU iPhone OS 7_1_2 like Mac OS X) AppleWebKit\/537.51.2 (KHTML, like Gecko) Version\/7.0 Mobile\/11D257 Safari\/9537.53\"",
  "userId": "95"
}
{
  "artist": "Gilberto Santa Rosa",
  "auth": "Logged In",
  "firstName": "Sara",
  "gender": "F",
  "itemInSession": 56,
  "lastName": "Johnson",
  "length": 272.16934,
  "level": "paid",
  "location": "Winston-Salem, NC",
  "method": "PUT",
  "page": "NextSong",
  "registration": 1540809153796.0,
  "sessionId": 152,
  "song": "La Sigo Amando Tanto",
  "status": 200,
  "ts": 1541272637796,
  "userAgent": "\"Mozilla\/5.0 (iPhone; CPU iPhone OS 7_1_2 like Mac OS X) AppleWebKit\/537.51.2 (KHTML, like Gecko) Version\/7.0 Mobile\/11D257 Safari\/9537.53\"",
  "userId": "95"
}
{
  "artist": "Eric Clapton",
  "auth": "Logged In",
  "firstName": "Sara",
  "gender": "F",
  "itemInSession": 57,
  "lastName": "Johnson",
  "length": 271.80363,
  "level": "paid",
  "location": "Winston-Salem, NC",
  "method": "PUT",
  "page": "NextSong",
  "registration": 1540809153796.0,
  "sessionId": 152,
  "song": "Tears In Heaven",
  "status": 200,
  "ts": 1541272909796,
  "userAgent": "\"Mozilla\/5.0 (iPhone; CPU iPhone OS 7_1_2 like Mac OS X) AppleWebKit\/537.51.2 (KHTML, like Gecko) Version\/7.0 Mobile\/11D257 Safari\/9537.53\"",
  "userId": "95"
}
{
  "artist": "ARRESTED DEVELOPMENT",
  "auth": "Logged In",
  "firstName": "Sara",
  "gender": "F",
  "itemInSession": 58,
  "lastName": "Johnson",
  "length": 200.98567,
  "level": "paid",
  "location": "Winston-Salem, NC",
  "method": "PUT",
  "page": "NextSong",
  "registration": 1540809153796.0,
  "sessionId": 152,
  "song": "Fountain Of Youth",
  "status": 200,
  "ts": 1541273180796,
  "userAgent": "\"Mozilla\/5.0 (iPhone; CPU iPhone OS 7_1_2 like Mac OS X) AppleWebKit\/537.51.2 (KHTML, like Gecko) Version\/7.0 Mobile\/11D257 Safari\/9537.53\"",
  "userId": "95"
}
{
  "artist": null,
  "auth": "Logged In",
  "firstName": "Sara",
  "gender": "F",
  "itemInSession": 59,
  "lastName": "Johnson",
  "length": null,
  "level": "paid",
  "location": "Winston-Salem, NC",
  "method": "GET",
  "page": "Home",
  "registration": 1540809153796.0,
  "sessionId": 152,
  "song": null,
  "status": 200,
  "ts": 1541273268796,
  "userAgent": "\"Mozilla\/5.0 (iPhone; CPU iPhone OS 7_1_2 like Mac OS X) AppleWebKit\/537.51.2 (KHTML, like Gecko) Version\/7.0 Mobile\/11D257 Safari\/9537.53\"",
  "userId": "95"
}
{
  "artist": "Future Rock",
  "auth": "Logged In",
  "firstName": "Sara",
  "gender": "F",
  "itemInSession": 60,
  "lastName": "Johnson",
  "length": 239.90812,
  "level": "paid",
  "location": "Winston-Salem, NC",
  "method": "PUT",
  "page": "NextSong",
  "registration": 1540809153796.0,
  "sessionId": 152,
  "song": "Gears",
  "status": 200,
  "ts": 1541273380796,
  "userAgent": "\"Mozilla\/5.0 (iPhone; CPU iPhone OS 7_1_2 like Mac OS X) AppleWebKit\/537.51.2 (KHTML, like Gecko) Version\/7.0 Mobile\/11D257 Safari\/9537.53\"",
  "userId": "95"
}
{
  "artist": "Steppenwolf",
  "auth": "Logged In",
  "firstName": "Sara",
  "gender": "F",
  "itemInSession": 61,
  "lastName": "Johnson",
  "length": 208.14322,
  "level": "paid",
  "location": "Winston-Salem, NC",
  "method": "PUT",
  "page": "NextSong",
  "registration": 1540809153796.0,
  "sessionId": 152,
  "song": "Born To Be Wild",
  "status": 200,
  "ts": 1541273619796,
  "userAgent": "\"Mozilla\/5.0 (iPhone; CPU iPhone OS 7_1_2 like Mac OS X) AppleWebKit\/537.51.2 (KHTML, like Gecko) Version\/7.0 Mobile\/11D257 Safari\/9537.53\"",
  "userId": "95"
}
{
  "artist": "Jason Mraz & Colbie Caillat",
  "auth": "Logged In",
  "firstName": "Sara",
  "gender": "F",
  "itemInSession": 62,
  "lastName": "Johnson",
  "length": 189.6224,
  "level": "paid",
  "location": "Winston-Salem, NC",
  "method": "PUT",
  "page": "NextSong",
  "registration": 1540809153796.0,
  "sessionId": 152,
  "song": "Lucky (Album Version)",
  "status": 200,
  "ts": 1541273827796,
  "userAgent": "\"Mozilla\/5.0 (iPhone; CPU iPhone OS 7_1_2 like Mac OS X) AppleWebKit\/537.51.2 (KHTML, like Gecko) Version\/7.0 Mobile\/11D257 Safari\/9537.53\"",
  "userId": "95"
}
{
  "artist": "Leonard Cohen",
  "auth": "Logged In",
  "firstName": "Sara",
  "gender": "F",
  "itemInSession": 63,
  "lastName": "Johnson",
  "length": 298.57914,
  "level": "paid",
  "location": "Winston-Salem, NC",
  "method": "PUT",
  "page": "NextSong",
  "registration": 1540809153796.0,
  "sessionId": 152,
  "song": "The Stranger Song",
  "status": 200,
  "ts": 1541274016796,
  "userAgent": "\"Mozilla\/5.0 (iPhone; CPU iPhone OS 7_1_2 like Mac OS X) AppleWebKit\/537.51.2 (KHTML, like Gecko) Version\/7.0 Mobile\/11D257 Safari\/9537.53\"",
  "userId": "95"
}
{
  "artist": "Bright Eyes",
  "auth": "Logged In",
  "firstName": "Ayla",
  "gender": "F",
  "itemInSession": 0,
  "lastName": "Johnson",
  "length": 279.09179,
  "level": "free",
  "location": "Santa Rosa, CA",
  "method": "PUT",
  "page": "NextSong",
  "registration": 1540880381796.0,
  "sessionId": 135,
  "song": "Kathy with a K's Song",
  "status": 200,
  "ts": 1541277256796,
  "userAgent": "\"Mozilla\/5.0 (Macintosh; Intel Mac OS X 10_9_4) AppleWebKit\/537.77.4 (KHTML, like Gecko) Version\/7.0.5 Safari\/537.77.4\"",
  "userId": "63"
}
{
  "artist": null,
  "auth": "Logged In",
  "firstName": "Chloe",
  "gender": "F",
  "itemInSession": 0,
  "lastName": "Cuevas",
  "length": null,
  "level": "free",
  "location": "San Francisco-Oakland-Hayward, CA",
  "method": "GET",
  "page": "Home",
  "registration": 1540940782796.0,
  "sessionId": 195,
  "song": null,
  "status": 200,
  "ts": 1541279200796,
  "userAgent": "Mozilla\/5.0 (Windows NT 5.1; rv:31.0) Gecko\/20100101 Firefox\/31.0",
  "userId": "49"
}
{
  "artist": "The Smiths",
  "auth": "Logged In",
  "firstName": "Chloe",
  "gender": "F",
  "itemInSession": 1,
  "lastName": "Cuevas",
  "length": 196.67546,
  "level": "free",
  "location": "San Francisco-Oakland-Hayward, CA",
  "method": "PUT",
  "page": "NextSong",
  "registration": 1540940782796.0,
  "sessionId": 195,
  "song": "The Boy With The Thorn In His Side",
  "status": 200,
  "ts": 1541279668796,
  "userAgent": "Mozilla\/5.0 (Windows NT 5.1; rv:31.0) Gecko\/20100101 Firefox\/31.0",
  "userId": "49"
}
{
  "artist": "Quique Gonzalez",
  "auth": "Logged In",
  "firstName": "Chloe",
  "gender": "F",
  "itemInSession": 2,
  "lastName": "Cuevas",
  "length": 214.20363,
  "level": "free",
  "location": "San Francisco-Oakland-Hayward, CA",
  "method": "PUT",
  "page": "NextSong",
  "registration": 1540940782796.0,
  "sessionId": 195,
  "song": "Cuando Eramos Reyes",
  "status": 200,
  "ts": 1541279864796,
  "userAgent": "Mozilla\/5.0 (Windows NT 5.1; rv:31.0) Gecko\/20100101 Firefox\/31.0",
  "userId": "49"
}
{
  "artist": "Muse",
  "auth": "Logged In",
  "firstName": "Chloe",
  "gender": "F",
  "itemInSession": 3,
  "lastName": "Cuevas",
  "length": 210.46812,
  "level": "free",
  "location": "San Francisco-Oakland-Hayward, CA",
  "method": "PUT",
  "page": "NextSong",
  "registration": 1540940782796.0,
  "sessionId": 195,
  "song": "Pink Ego Box",
  "status": 200,
  "ts": 1541280078796,
  "userAgent": "Mozilla\/5.0 (Windows NT 5.1; rv:31.0) Gecko\/20100101 Firefox\/31.0",
  "userId": "49"
}
{
  "artist": "Sugarland",
  "auth": "Logged In",
  "firstName": "Cecilia",
  "gender": "F",
  "itemInSession": 0,
  "lastName": "Owens",
  "length": 247.77098,
  "level": "free",
  "location": "Atlanta-Sandy Springs-Roswell, GA",
  "method": "PUT",
  "page": "NextSong",
  "registration": 1541032432796.0,
  "sessionId": 5,
  "song": "Just Might (Make Me Believe)",
  "status": 200,
  "ts": 1541287022796,
  "userAgent": "Mozilla\/5.0 (Windows NT 6.1; WOW64; rv:32.0) Gecko\/20100101 Firefox\/32.0",
  "userId": "6"
}
{
  "artist": "A Hope For Home",
  "auth": "Logged In",
  "firstName": "Cecilia",
  "gender": "F",
  "itemInSession": 1,
  "lastName": "Owens",
  "length": 388.38812,
  "level": "free",
  "location": "Atlanta-Sandy Springs-Roswell, GA",
  "method": "PUT",
  "page": "NextSong",
  "registration": 1541032432796.0,
  "sessionId": 5,
  "song": "Absolution: Of Flight and Failure",
  "status": 200,
  "ts": 1541287269796,
  "userAgent": "Mozilla\/5.0 (Windows NT 6.1; WOW64; rv:32.0) Gecko\/20100101 Firefox\/32.0",
  "userId": "6"
}